sample_ID,date,counted initials,lake,dilution_vol,#_scoops,taxon_short,taxon_full,count,notes
1,5/19/2021,,catfish,none,all,ambig,daphnia_ambigua,1,
1,5/19/2021,,catfish,none,all,bos,bosmina_longirostris,1,
1,5/19/2021,,catfish,none,all,cal,calanoid_copepod,255,
1,5/19/2021,,catfish,none,all,cerio,ceriodaphnia_sp,3,
1,5/19/2021,,catfish,none,all,chaob,chaoborus_sp,14,
1,5/19/2021,,catfish,none,all,diaph,diaphanosoma_sp,75,
1,5/19/2021,,catfish,none,all,laevis,daphnia_laevis,29,
1,5/19/2021,,catfish,none,all,ostr,ostracod,9,
2,5/26/2021,,catfish,none,all,ambig,daphnia_ambigua,3,
2,5/26/2021,,catfish,none,all,bos,bosmina_longirostris,4,
2,5/26/2021,,catfish,none,all,cal,calanoid_copepod,489,
2,5/26/2021,,catfish,none,all,cerio,ceriodaphnia_sp,31,
2,5/26/2021,,catfish,none,all,chaob,chaoborus_sp,21,
2,5/26/2021,,catfish,none,all,cyc,cyclopoid_copepod,1,
2,5/26/2021,,catfish,none,all,diaph,diaphanosoma_sp,109,
2,5/26/2021,,catfish,none,all,laevis,daphnia_laevis,36,
2,5/26/2021,,catfish,none,all,ostr,ostracod,14,
2,5/26/2021,,catfish,none,all,scap,scapholeberis_sp,23,
3,11/2/2021,,catfish,none,all,alona,allonellids,260,
3,11/2/2021,,catfish,none,all,ambig,daphnia_ambigua,1,
3,11/2/2021,,catfish,none,all,cal,calanoid_copepod,883,
3,11/2/2021,,catfish,none,all,chaob,chaoborus_sp,5,
3,11/2/2021,,catfish,none,all,cyc,cyclopoid_copepod,3,
3,11/2/2021,,catfish,none,all,diaph,diaphanosoma_sp,124,
3,11/2/2021,,catfish,none,all,laevis,daphnia_laevis,48,
3,11/2/2021,,catfish,none,all,ostr,ostracod,2,
4,11/22/2021,,catfish,none,all,bos,bosmina_longirostris,2,
4,11/22/2021,,catfish,none,all,cal,calanoid_copepod,1234,
4,11/22/2021,,catfish,none,all,cerio,ceriodaphnia_sp,3,
4,11/22/2021,,catfish,none,all,chaob,chaoborus_sp,4,
4,11/22/2021,,catfish,none,all,cyc,cyclopoid_copepod,2,
4,11/22/2021,,catfish,none,all,diaph,diaphanosoma_sp,59,
4,11/22/2021,,catfish,none,all,laevis,daphnia_laevis,214,
4,11/22/2021,,catfish,none,all,ostr,ostracod,1,
4,11/22/2021,,catfish,none,all,segmented worm,segmented_worm,1,
4,11/22/2021,,catfish,none,all,simo,simocephalus_sp,5,
5,10/12/2021,,catfish,none,all,alona,allonellids,73,
5,10/12/2021,,catfish,none,all,bos,bosmina_longirostris,2,
5,10/12/2021,,catfish,none,all,cal,calanoid_copepod,1402,
5,10/12/2021,,catfish,none,all,chaob,chaoborus_sp,5,
5,10/12/2021,,catfish,none,all,diaph,diaphanosoma_sp,69,
5,10/12/2021,,catfish,none,all,laevis,daphnia_laevis,20,
5,10/12/2021,,catfish,none,all,ostr,ostracod,2,
6,4/14/2021,,catfish,100,2,ambig,daphnia_ambigua,2,
6,4/14/2021,,catfish,100,2,bos,bosmina_longirostris,6,
6,4/14/2021,,catfish,100,2,cal,calanoid_copepod,225,
6,4/14/2021,,catfish,100,2,chaob,chaoborus_sp,1,
6,4/14/2021,,catfish,100,2,cyc,cyclopoid_copepod,6,
6,4/14/2021,,catfish,100,2,diaph,diaphanosoma_sp,7,
6,4/14/2021,,catfish,100,2,laevis,daphnia_laevis,32,
6,4/14/2021,,catfish,100,2,scap,scapholeberis_sp,18,check spelling
7,4/21/2021,,catfish,100,3,cal,calanoid_copepod,273,
7,4/21/2021,,catfish,100,3,chaob,chaoborus_sp,13,
7,4/21/2021,,catfish,100,3,cyc,cyclopoid_copepod,7,
7,4/21/2021,,catfish,100,3,diaph,diaphanosoma_sp,44,
7,4/21/2021,,catfish,100,3,laevis,daphnia_laevis,242,
7,4/21/2021,,catfish,100,3,mosq,mosquito_larva,1,
7,4/21/2021,,catfish,100,3,scap,scapholeberis_sp,3,
8,4/28/2021,,catfish,100,3,alona,allonellids,1,
8,4/28/2021,,catfish,100,3,bos,bosmina_longirostris,1,
8,4/28/2021,,catfish,100,3,cal,calanoid_copepod,515,
8,4/28/2021,,catfish,100,3,chaob,chaoborus_sp,20,
8,4/28/2021,,catfish,100,3,cyc,cyclopoid_copepod,1,
8,4/28/2021,,catfish,100,3,diaph,diaphanosoma_sp,35,
8,4/28/2021,,catfish,100,3,laevis,daphnia_laevis,153,
8,4/28/2021,,catfish,100,3,scap,scapholeberis_sp,9,
9,5/5/2021,,catfish,100,5,cal,calanoid_copepod,199,
9,5/5/2021,,catfish,100,5,chaob,chaoborus_sp,13,
9,5/5/2021,,catfish,100,5,diaph,diaphanosoma_sp,25,
9,5/5/2021,,catfish,100,5,laevis,daphnia_laevis,137,
10,5/12/2021,,catfish,none,all,bos,bosmina_longirostris,1,
10,5/12/2021,,catfish,none,all,cal,calanoid_copepod,192,
10,5/12/2021,,catfish,none,all,cerio,ceriodaphnia_sp,4,
10,5/12/2021,,catfish,none,all,chaob,chaoborus_sp,23,
10,5/12/2021,,catfish,none,all,cyc,cyclopoid_copepod,1,
10,5/12/2021,,catfish,none,all,diaph,diaphanosoma_sp,43,
10,5/12/2021,,catfish,none,all,laevis,daphnia_laevis,63,
10,5/12/2021,,catfish,none,all,mosq,mosquito_larva,1,
10,5/12/2021,,catfish,none,all,ostr,ostracod,26,
10,5/12/2021,,catfish,none,all,scap,scapholeberis_sp,1,
11,12/14/2021,,catfish,none,all,alona,allonellids,2,
11,12/14/2021,,catfish,none,all,cal,calanoid_copepod,788,
11,12/14/2021,,catfish,none,all,diaph,diaphanosoma_sp,39,
11,12/14/2021,,catfish,none,all,laevis,daphnia_laevis,1052,
11,12/14/2021,,catfish,none,all,ostr,ostracod,2,
12,6/2/2021,,catfish,none,all,alona,allonellids,6,
12,6/2/2021,,catfish,none,all,bos,bosmina_longirostris,1,
12,6/2/2021,,catfish,none,all,cal,calanoid_copepod,421,
12,6/2/2021,,catfish,none,all,chaob,chaoborus_sp,23,Incl 2 pupae that may or may not be Chaoborus
12,6/2/2021,,catfish,none,all,diaph,diaphanosoma_sp,422,
12,6/2/2021,,catfish,none,all,laevis,daphnia_laevis,45,
12,6/2/2021,,catfish,none,all,ostr,ostracod,54,
13,1/27/2022,KS,catfish,none,all,cal,calanoid_copepod,283,
13,1/27/2022,KS,catfish,none,all,cyc,cyclopoid_copepod,3,
13,1/27/2022,KS,catfish,none,all,diaph,diaphanosoma_sp,11,
13,1/27/2022,KS,catfish,none,all,laevis,daphnia_laevis,1293,plus 2 dragonfly larvae
14,9/14/2021,KS,catfish,none,all,bos,bosmina_longirostris,1,
14,9/14/2021,KS,catfish,none,all,cal,calanoid_copepod,225,
14,9/14/2021,KS,catfish,none,all,cerio,ceriodaphnia_sp,2,
14,9/14/2021,KS,catfish,none,all,chaob,chaoborus_sp,2,
14,9/14/2021,KS,catfish,none,all,cyc,cyclopoid_copepod,2,
14,9/14/2021,KS,catfish,none,all,diaph,diaphanosoma_sp,22,
14,9/14/2021,KS,catfish,none,all,ostr,ostracod,2,
15,1/27/2022,KS,sister1,none,all,alona,allonellids,1,
15,1/27/2022,KS,sister1,none,all,ambig,daphnia_ambigua,1,
15,1/27/2022,KS,sister1,none,all,bos,bosmina_longirostris,1,
15,1/27/2022,KS,sister1,none,all,cal,calanoid_copepod,101,
15,1/27/2022,KS,sister1,none,all,cerio,ceriodaphnia_sp,2,
15,1/27/2022,KS,sister1,none,all,chaob,chaoborus_sp,9,
15,1/27/2022,KS,sister1,none,all,diaph,diaphanosoma_sp,5,
15,1/27/2022,KS,sister1,none,all,laevis,daphnia_laevis,158,
15,1/27/2022,KS,sister1,none,all,parv,daphnia_parvula,1,
16,1/5/2022,KS,sister1,none,all,alona,allonellids,1,
16,1/5/2022,KS,sister1,none,all,ambig,daphnia_ambigua,2,
16,1/5/2022,KS,sister1,none,all,bos,bosmina_longirostris,21,
16,1/5/2022,KS,sister1,none,all,cal,calanoid_copepod,209,
16,1/5/2022,KS,sister1,none,all,cerio,ceriodaphnia_sp,3,
16,1/5/2022,KS,sister1,none,all,chaob,chaoborus_sp,3,
16,1/5/2022,KS,sister1,none,all,diaph,diaphanosoma_sp,9,
16,1/5/2022,KS,sister1,none,all,laevis,daphnia_laevis,88,
17,11/2/2021,KS,sister1,none,all,cal,calanoid_copepod,457,
17,11/2/2021,KS,sister1,none,all,chaob,chaoborus_sp,12,
17,11/2/2021,KS,sister1,none,all,cyc,cyclopoid_copepod,11,
17,11/2/2021,KS,sister1,none,all,diaph,diaphanosoma_sp,5,
17,11/2/2021,KS,sister1,none,all,laevis,daphnia_laevis,117,
17,11/2/2021,KS,sister1,none,all,ostr,ostracod,3,
17,11/2/2021,KS,sister1,none,all,parv,daphnia_parvula,1,
18,10/12/2021,KS,sister1,none,all,ambig,daphnia_ambigua,2,
18,10/12/2021,KS,sister1,none,all,cal,calanoid_copepod,252,
18,10/12/2021,KS,sister1,none,all,cerio,ceriodaphnia_sp,1,
18,10/12/2021,KS,sister1,none,all,chaob,chaoborus_sp,12,
18,10/12/2021,KS,sister1,none,all,cyc,cyclopoid_copepod,29,
18,10/12/2021,KS,sister1,none,all,diaph,diaphanosoma_sp,11,
18,10/12/2021,KS,sister1,none,all,laevis,daphnia_laevis,58,
18,10/12/2021,KS,sister1,none,all,ostr,ostracod,51,
18,10/12/2021,KS,sister1,none,all,parv,daphnia_parvula,2,
19,11/22/2021,KS,sister1,none,all,alona,allonellids,3,
19,11/22/2021,KS,sister1,none,all,ambig,daphnia_ambigua,2,
19,11/22/2021,KS,sister1,none,all,cal,calanoid_copepod,553,
19,11/22/2021,KS,sister1,none,all,chaob,chaoborus_sp,20,
19,11/22/2021,KS,sister1,none,all,cyc,cyclopoid_copepod,12,
19,11/22/2021,KS,sister1,none,all,diaph,diaphanosoma_sp,2,
19,11/22/2021,KS,sister1,none,all,laevis,daphnia_laevis,135,
19,11/22/2021,KS,sister1,none,all,ostr,ostracod,1,
19,11/22/2021,KS,sister1,none,all,segmented worm,segmented_worm,1,
19,11/22/2021,KS,sister1,none,all,simo,simocephalus_sp,1,
20,12/14/2021,KS,sister1,none,all,alona,allonellids,4,
20,12/14/2021,KS,sister1,none,all,ambig,daphnia_ambigua,3,
20,12/14/2021,KS,sister1,none,all,cal,calanoid_copepod,331,
20,12/14/2021,KS,sister1,none,all,chaob,chaoborus_sp,6,
20,12/14/2021,KS,sister1,none,all,cyc,cyclopoid_copepod,5,
20,12/14/2021,KS,sister1,none,all,diaph,diaphanosoma_sp,3,
20,12/14/2021,KS,sister1,none,all,laevis,daphnia_laevis,48,
20,12/14/2021,KS,sister1,none,all,ostr,ostracod,4,
21,8/4/2021,KS,sister1,none,all,ambig,daphnia_ambigua,1,
21,8/4/2021,KS,sister1,none,all,bos,bosmina_longirostris,2,
21,8/4/2021,KS,sister1,none,all,cal,calanoid_copepod,213,
21,8/4/2021,KS,sister1,none,all,cerio,ceriodaphnia_sp,1,
21,8/4/2021,KS,sister1,none,all,chaob,chaoborus_sp,20,
21,8/4/2021,KS,sister1,none,all,cyc,cyclopoid_copepod,37,
21,8/4/2021,KS,sister1,none,all,diaph,diaphanosoma_sp,2,
21,8/4/2021,KS,sister1,none,all,laevis,daphnia_laevis,216,
21,8/4/2021,KS,sister1,none,all,ostr,ostracod,49,
22,7/13/2021,KS,sister1,none,all,bos,bosmina_longirostris,7,
22,7/13/2021,KS,sister1,none,all,cal,calanoid_copepod,498,
22,7/13/2021,KS,sister1,none,all,cerio,ceriodaphnia_sp,1,
22,7/13/2021,KS,sister1,none,all,chaob,chaoborus_sp,51,
22,7/13/2021,KS,sister1,none,all,cyc,cyclopoid_copepod,56,
22,7/13/2021,KS,sister1,none,all,laevis,daphnia_laevis,340,
22,7/13/2021,KS,sister1,none,all,ostr,ostracod,94,
23,6/23/2021,KS,sister1,none,all,bos,bosmina_longirostris,94,
23,6/23/2021,KS,sister1,none,all,cal,calanoid_copepod,442,
23,6/23/2021,KS,sister1,none,all,chaob,chaoborus_sp,45,
23,6/23/2021,KS,sister1,none,all,cyc,cyclopoid_copepod,10,
23,6/23/2021,KS,sister1,none,all,diaph,diaphanosoma_sp,8,
23,6/23/2021,KS,sister1,none,all,laevis,daphnia_laevis,318,
23,6/23/2021,KS,sister1,none,all,ostr,ostracod,372,
24,6/2/2021,KS,sister1,none,all,bos,bosmina_longirostris,2,
24,6/2/2021,KS,sister1,none,all,cal,calanoid_copepod,211,
24,6/2/2021,KS,sister1,none,all,chaob,chaoborus_sp,28,
24,6/2/2021,KS,sister1,none,all,cyc,cyclopoid_copepod,17,
24,6/2/2021,KS,sister1,none,all,diaph,diaphanosoma_sp,1,
24,6/2/2021,KS,sister1,none,all,laevis,daphnia_laevis,216,
24,6/2/2021,KS,sister1,none,all,ostr,ostracod,167,
25,8/26/2021,KS,sister1,none,all,bos,bosmina_longirostris,3,
25,8/26/2021,KS,sister1,none,all,cal,calanoid_copepod,177,
25,8/26/2021,KS,sister1,none,all,cerio,ceriodaphnia_sp,1,
25,8/26/2021,KS,sister1,none,all,chaob,chaoborus_sp,5,
25,8/26/2021,KS,sister1,none,all,cyc,cyclopoid_copepod,49,
25,8/26/2021,KS,sister1,none,all,diaph,diaphanosoma_sp,6,
25,8/26/2021,KS,sister1,none,all,laevis,daphnia_laevis,157,
25,8/26/2021,KS,sister1,none,all,ostr,ostracod,73,
25,8/26/2021,KS,sister1,none,all,parv,daphnia_parvula,1,
26,5/12/2021,KS,sister1,none,all,cal,calanoid_copepod,287,
26,5/12/2021,KS,sister1,none,all,chaob,chaoborus_sp,38,
26,5/12/2021,KS,sister1,none,all,cyc,cyclopoid_copepod,19,
26,5/12/2021,KS,sister1,none,all,diaph,diaphanosoma_sp,5,
26,5/12/2021,KS,sister1,none,all,laevis,daphnia_laevis,425,
26,5/12/2021,KS,sister1,none,all,ostr,ostracod,843,
27,5/5/2021,KS,sister1,none,all,cal,calanoid_copepod,330,
27,5/5/2021,KS,sister1,none,all,cerio,ceriodaphnia_sp,1,
27,5/5/2021,KS,sister1,none,all,chaob,chaoborus_sp,27,
27,5/5/2021,KS,sister1,none,all,cyc,cyclopoid_copepod,21,
27,5/5/2021,KS,sister1,none,all,diaph,diaphanosoma_sp,2,
27,5/5/2021,KS,sister1,none,all,laevis,daphnia_laevis,211,
27,5/5/2021,KS,sister1,none,all,ostr,ostracod,1008,
28,6/2/2021,KS,big sister,none,all,ambig,daphnia_ambigua,2,
28,6/2/2021,KS,big sister,none,all,bos,bosmina_longirostris,43,
28,6/2/2021,KS,big sister,none,all,cal,calanoid_copepod,15,
28,6/2/2021,KS,big sister,none,all,cerio,ceriodaphnia_sp,1,
28,6/2/2021,KS,big sister,none,all,cyc,cyclopoid_copepod,33,
28,6/2/2021,KS,big sister,none,all,diaph,diaphanosoma_sp,2,
28,6/2/2021,KS,big sister,none,all,ostr,ostracod,5,
29,8/26/2021,KS,big sister,none,all,ambig,daphnia_ambigua,28,
29,8/26/2021,KS,big sister,none,all,bos,bosmina_longirostris,6,
29,8/26/2021,KS,big sister,none,all,cal,calanoid_copepod,83,
29,8/26/2021,KS,big sister,none,all,cerio,ceriodaphnia_sp,10,
29,8/26/2021,KS,big sister,none,all,cyc,cyclopoid_copepod,61,
29,8/26/2021,KS,big sister,none,all,diaph,diaphanosoma_sp,2,
29,8/26/2021,KS,big sister,none,all,laevis,daphnia_laevis,20,
29,8/26/2021,KS,big sister,none,all,ostr,ostracod,5,
30,7/13/2021,KS,big sister,none,all,ambig,daphnia_ambigua,2,
30,7/13/2021,KS,big sister,none,all,bos,bosmina_longirostris,50,
30,7/13/2021,KS,big sister,none,all,cal,calanoid_copepod,133,
30,7/13/2021,KS,big sister,none,all,cerio,ceriodaphnia_sp,11,
30,7/13/2021,KS,big sister,none,all,chaob,chaoborus_sp,7,
30,7/13/2021,KS,big sister,none,all,cyc,cyclopoid_copepod,81,
30,7/13/2021,KS,big sister,none,all,diaph,diaphanosoma_sp,8,
30,7/13/2021,KS,big sister,none,all,laevis,daphnia_laevis,52,
30,7/13/2021,KS,big sister,none,all,ostr,ostracod,95,
30,7/13/2021,KS,big sister,none,all,parv,daphnia_parvula,2,
30,7/13/2021,KS,big sister,none,all,simo,simocephalus_sp,1,
31,10/12/2021,KS,big sister,none,all,ambig,daphnia_ambigua,293,
31,10/12/2021,KS,big sister,none,all,bos,bosmina_longirostris,4,
31,10/12/2021,KS,big sister,none,all,cal,calanoid_copepod,218,
31,10/12/2021,KS,big sister,none,all,cerio,ceriodaphnia_sp,17,
31,10/12/2021,KS,big sister,none,all,cyc,cyclopoid_copepod,124,
31,10/12/2021,KS,big sister,none,all,diaph,diaphanosoma_sp,11,
31,10/12/2021,KS,big sister,none,all,laevis,daphnia_laevis,8,
31,10/12/2021,KS,big sister,none,all,ostr,ostracod,19,
32,6/23/2021,KS,catfish,100,3,ambig,daphnia_ambigua,6,
32,6/23/2021,KS,catfish,100,3,cal,calanoid_copepod,108,
32,6/23/2021,KS,catfish,100,3,cerio,ceriodaphnia_sp,3,
32,6/23/2021,KS,catfish,100,3,chaob,chaoborus_sp,57,
32,6/23/2021,KS,catfish,100,3,cyc,cyclopoid_copepod,6,
32,6/23/2021,KS,catfish,100,3,diaph,diaphanosoma_sp,12,
32,6/23/2021,KS,catfish,100,3,laevis,daphnia_laevis,565,
32,6/23/2021,KS,catfish,100,3,ostr,ostracod,3,
33,4/2/2021,KS,sister1,none,all,cal,calanoid_copepod,54,
33,4/2/2021,KS,sister1,none,all,chaob,chaoborus_sp,2,
33,4/2/2021,KS,sister1,none,all,cyc,cyclopoid_copepod,7,
33,4/2/2021,KS,sister1,none,all,laevis,daphnia_laevis,6,
33,4/2/2021,KS,sister1,none,all,ostr,ostracod,323,
34,5/19/2021,KS,sister1,none,all,ambig,daphnia_ambigua,2,
34,5/19/2021,KS,sister1,none,all,bos,bosmina_longirostris,2,
34,5/19/2021,KS,sister1,none,all,cal,calanoid_copepod,106,
34,5/19/2021,KS,sister1,none,all,chaob,chaoborus_sp,43,
34,5/19/2021,KS,sister1,none,all,cyc,cyclopoid_copepod,10,
34,5/19/2021,KS,sister1,none,all,diaph,diaphanosoma_sp,4,
34,5/19/2021,KS,sister1,none,all,laevis,daphnia_laevis,294,
34,5/19/2021,KS,sister1,none,all,ostr,ostracod,814,
35,5/26/2021,KS,sister1,none,all,cal,calanoid_copepod,79,sample spilled while re-preserving. Some lost
35,5/26/2021,KS,sister1,none,all,cerio,ceriodaphnia_sp,3,sample spilled while re-preserving. Some lost
35,5/26/2021,KS,sister1,none,all,chaob,chaoborus_sp,47,sample spilled while re-preserving. Some lost
35,5/26/2021,KS,sister1,none,all,cyc,cyclopoid_copepod,13,sample spilled while re-preserving. Some lost
35,5/26/2021,KS,sister1,none,all,diaph,diaphanosoma_sp,3,sample spilled while re-preserving. Some lost
35,5/26/2021,KS,sister1,none,all,laevis,daphnia_laevis,474,sample spilled while re-preserving. Some lost
35,5/26/2021,KS,sister1,none,all,ostr,ostracod,1020,sample spilled while re-preserving. Some lost
36,2/18/2022,KS,big sister,none,all,ambig,daphnia_ambigua,6,
36,2/18/2022,KS,big sister,none,all,bos,bosmina_longirostris,5,
36,2/18/2022,KS,big sister,none,all,cal,calanoid_copepod,128,
36,2/18/2022,KS,big sister,none,all,cyc,cyclopoid_copepod,4,
36,2/18/2022,KS,big sister,none,all,diaph,diaphanosoma_sp,4,
36,2/18/2022,KS,big sister,none,all,laevis,daphnia_laevis,157,
36,2/18/2022,KS,big sister,none,all,ostr,ostracod,14,
37,9/14/2021,KS,big sister,none,all,ambig,daphnia_ambigua,144,
37,9/14/2021,KS,big sister,none,all,bos,bosmina_longirostris,109,
37,9/14/2021,KS,big sister,none,all,cal,calanoid_copepod,155,
37,9/14/2021,KS,big sister,none,all,cerio,ceriodaphnia_sp,33,
37,9/14/2021,KS,big sister,none,all,cyc,cyclopoid_copepod,29,
37,9/14/2021,KS,big sister,none,all,diaph,diaphanosoma_sp,4,
37,9/14/2021,KS,big sister,none,all,ostr,ostracod,3,
38,8/4/2021,KS,big sister,none,all,ambig,daphnia_ambigua,45,
38,8/4/2021,KS,big sister,none,all,bos,bosmina_longirostris,46,
38,8/4/2021,KS,big sister,none,all,cal,calanoid_copepod,157,
38,8/4/2021,KS,big sister,none,all,cerio,ceriodaphnia_sp,58,
38,8/4/2021,KS,big sister,none,all,chaob,chaoborus_sp,8,
38,8/4/2021,KS,big sister,none,all,cyc,cyclopoid_copepod,100,
38,8/4/2021,KS,big sister,none,all,diaph,diaphanosoma_sp,6,
38,8/4/2021,KS,big sister,none,all,laevis,daphnia_laevis,2,
38,8/4/2021,KS,big sister,none,all,ostr,ostracod,16,
39,11/2/2021,KS,big sister,none,all,alona,allonellids,4,
39,11/2/2021,KS,big sister,none,all,ambig,daphnia_ambigua,70,
39,11/2/2021,KS,big sister,none,all,bos,bosmina_longirostris,8,
39,11/2/2021,KS,big sister,none,all,cal,calanoid_copepod,166,
39,11/2/2021,KS,big sister,none,all,cerio,ceriodaphnia_sp,9,
39,11/2/2021,KS,big sister,none,all,cyc,cyclopoid_copepod,85,
39,11/2/2021,KS,big sister,none,all,diaph,diaphanosoma_sp,17,
39,11/2/2021,KS,big sister,none,all,laevis,daphnia_laevis,1,
39,11/2/2021,KS,big sister,none,all,ostr,ostracod,2,
40,6/23/2021,KS,big sister,none,all,ambig,daphnia_ambigua,44,
40,6/23/2021,KS,big sister,none,all,bos,bosmina_longirostris,1470,
40,6/23/2021,KS,big sister,none,all,cal,calanoid_copepod,71,
40,6/23/2021,KS,big sister,none,all,cerio,ceriodaphnia_sp,17,
40,6/23/2021,KS,big sister,none,all,cyc,cyclopoid_copepod,33,
40,6/23/2021,KS,big sister,none,all,diaph,diaphanosoma_sp,7,
40,6/23/2021,KS,big sister,none,all,laevis,daphnia_laevis,1,
40,6/23/2021,KS,big sister,none,all,ostr,ostracod,16,
41,1/27/2022,KS,big sister,none,all,ambig,daphnia_ambigua,294,
41,1/27/2022,KS,big sister,none,all,bos,bosmina_longirostris,23,
41,1/27/2022,KS,big sister,none,all,cal,calanoid_copepod,735,
41,1/27/2022,KS,big sister,none,all,cerio,ceriodaphnia_sp,9,
41,1/27/2022,KS,big sister,none,all,cyc,cyclopoid_copepod,3,
41,1/27/2022,KS,big sister,none,all,diaph,diaphanosoma_sp,14,
41,1/27/2022,KS,big sister,none,all,laevis,daphnia_laevis,8,
43,1/5/2022,KS,big sister,none,all,alona,allonellids,5,
43,1/5/2022,KS,big sister,none,all,ambig,daphnia_ambigua,170,
43,1/5/2022,KS,big sister,none,all,bos,bosmina_longirostris,27,
43,1/5/2022,KS,big sister,none,all,cal,calanoid_copepod,637,
43,1/5/2022,KS,big sister,none,all,cerio,ceriodaphnia_sp,10,
43,1/5/2022,KS,big sister,none,all,cyc,cyclopoid_copepod,172,
43,1/5/2022,KS,big sister,none,all,diaph,diaphanosoma_sp,16,
43,1/5/2022,KS,big sister,none,all,laevis,daphnia_laevis,11,
43,1/5/2022,KS,big sister,none,all,ostr,ostracod,9,
44,2/18/2022,KS,catfish,100,3,ambig,daphnia_ambigua,2,
44,2/18/2022,KS,catfish,100,3,cal,calanoid_copepod,31,
44,2/18/2022,KS,catfish,100,3,chaob,chaoborus_sp,1,
44,2/18/2022,KS,catfish,100,3,cyc,cyclopoid_copepod,1,
44,2/18/2022,KS,catfish,100,3,laevis,daphnia_laevis,325,
45,1/5/2022,KS,catfish,100,3,bos,bosmina_longirostris,4,
45,1/5/2022,KS,catfish,100,3,cal,calanoid_copepod,224,
45,1/5/2022,KS,catfish,100,3,cerio,ceriodaphnia_sp,1,
45,1/5/2022,KS,catfish,100,3,cyc,cyclopoid_copepod,5,
45,1/5/2022,KS,catfish,100,3,diaph,diaphanosoma_sp,10,
45,1/5/2022,KS,catfish,100,3,laevis,daphnia_laevis,497,
45,1/5/2022,KS,catfish,100,3,ostr,ostracod,2,
46,8/26/2021,KS,catfish,100,3,bos,bosmina_longirostris,3,
46,8/26/2021,KS,catfish,100,3,cal,calanoid_copepod,516,
46,8/26/2021,KS,catfish,100,3,cerio,ceriodaphnia_sp,1,
46,8/26/2021,KS,catfish,100,3,chaob,chaoborus_sp,20,
46,8/26/2021,KS,catfish,100,3,cyc,cyclopoid_copepod,142,
46,8/26/2021,KS,catfish,100,3,diaph,diaphanosoma_sp,7,
46,8/26/2021,KS,catfish,100,3,laevis,daphnia_laevis,572,
46,8/26/2021,KS,catfish,100,3,ostr,ostracod,7,
47,7/13/2021,KS,catfish,100,2,cal,calanoid_copepod,245,
47,7/13/2021,KS,catfish,100,2,cerio,ceriodaphnia_sp,1,
47,7/13/2021,KS,catfish,100,2,chaob,chaoborus_sp,17,
47,7/13/2021,KS,catfish,100,2,cyc,cyclopoid_copepod,31,
47,7/13/2021,KS,catfish,100,2,diaph,diaphanosoma_sp,62,
47,7/13/2021,KS,catfish,100,2,laevis,daphnia_laevis,322,
47,7/13/2021,KS,catfish,100,2,ostr,ostracod,14,
48,8/4/2021,KS,catfish,100,2,cal,calanoid_copepod,42,
48,8/4/2021,KS,catfish,100,2,cerio,ceriodaphnia_sp,1,
48,8/4/2021,KS,catfish,100,2,chaob,chaoborus_sp,39,
48,8/4/2021,KS,catfish,100,2,cyc,cyclopoid_copepod,10,
48,8/4/2021,KS,catfish,100,2,diaph,diaphanosoma_sp,10,
48,8/4/2021,KS,catfish,100,2,laevis,daphnia_laevis,510,
48,8/4/2021,KS,catfish,100,2,ostr,ostracod,2,
49,4/7/2021,KS,big sister,100,2,ambig,daphnia_ambigua,904,
49,4/7/2021,KS,big sister,100,2,bos,bosmina_longirostris,56,
49,4/7/2021,KS,big sister,100,2,cal,calanoid_copepod,106,
49,4/7/2021,KS,big sister,100,2,cyc,cyclopoid_copepod,93,
49,4/7/2021,KS,big sister,100,2,laevis,daphnia_laevis,2,
49,4/7/2021,KS,big sister,100,2,ostr,ostracod,3,
50,4/21/2021,KS,big sister,100,1,ambig,daphnia_ambigua,250,
50,4/21/2021,KS,big sister,100,1,bos,bosmina_longirostris,37,
50,4/21/2021,KS,big sister,100,1,cal,calanoid_copepod,207,
50,4/21/2021,KS,big sister,100,1,cyc,cyclopoid_copepod,71,
51,4/2/2021,KS,sister2/big sister?,100,1,ambig,daphnia_ambigua,599,
51,4/2/2021,KS,sister2/big sister?,100,1,bos,bosmina_longirostris,58,
51,4/2/2021,KS,sister2/big sister?,100,1,cal,calanoid_copepod,54,
51,4/2/2021,KS,sister2/big sister?,100,1,cyc,cyclopoid_copepod,56,
51,4/2/2021,KS,sister2/big sister?,100,1,ostr,ostracod,2,
51,4/2/2021,KS,sister2/big sister?,100,1,winged insect larva,winged_insect_larva,1,
52,4/28/2021,KS,big sister,100,2,ambig,daphnia_ambigua,357,
52,4/28/2021,KS,big sister,100,2,bos,bosmina_longirostris,350,
52,4/28/2021,KS,big sister,100,2,cal,calanoid_copepod,132,
52,4/28/2021,KS,big sister,100,2,cerio,ceriodaphnia_sp,1,
52,4/28/2021,KS,big sister,100,2,cyc,cyclopoid_copepod,87,
52,4/28/2021,KS,big sister,100,2,diaph,diaphanosoma_sp,5,
52,4/28/2021,KS,big sister,100,2,ostr,ostracod,2,
53,4/14/2021,KS,big sister,100,1,ambig,daphnia_ambigua,294,
53,4/14/2021,KS,big sister,100,1,bos,bosmina_longirostris,16,
53,4/14/2021,KS,big sister,100,1,cal,calanoid_copepod,88,
53,4/14/2021,KS,big sister,100,1,cerio,ceriodaphnia_sp,1,
53,4/14/2021,KS,big sister,100,1,cyc,cyclopoid_copepod,77,
53,4/14/2021,KS,big sister,100,1,ostr,ostracod,1,
54,5/12/2021,KS,big sister,100,2,ambig,daphnia_ambigua,32,
54,5/12/2021,KS,big sister,100,2,bos,bosmina_longirostris,300,
54,5/12/2021,KS,big sister,100,2,cal,calanoid_copepod,39,
54,5/12/2021,KS,big sister,100,2,chaob,chaoborus_sp,2,
54,5/12/2021,KS,big sister,100,2,cyc,cyclopoid_copepod,101,
54,5/12/2021,KS,big sister,100,2,diaph,diaphanosoma_sp,3,
54,5/12/2021,KS,big sister,100,2,laevis,daphnia_laevis,1,
54,5/12/2021,KS,big sister,100,2,ostr,ostracod,14,
55,5/19/2021,KS,big sister,100,2,ambig,daphnia_ambigua,16,
55,5/19/2021,KS,big sister,100,2,bos,bosmina_longirostris,504,
55,5/19/2021,KS,big sister,100,2,cal,calanoid_copepod,2,
55,5/19/2021,KS,big sister,100,2,cerio,ceriodaphnia_sp,8,
55,5/19/2021,KS,big sister,100,2,chaob,chaoborus_sp,7,
55,5/19/2021,KS,big sister,100,2,cyc,cyclopoid_copepod,98,
55,5/19/2021,KS,big sister,100,2,diaph,diaphanosoma_sp,3,
55,5/19/2021,KS,big sister,100,2,ostr,ostracod,7,
56,5/5/2021,KS,big sister,100,3,ambig,daphnia_ambigua,37,
56,5/5/2021,KS,big sister,100,3,bos,bosmina_longirostris,229,
56,5/5/2021,KS,big sister,100,3,cal,calanoid_copepod,83,
56,5/5/2021,KS,big sister,100,3,cerio,ceriodaphnia_sp,7,
56,5/5/2021,KS,big sister,100,3,cyc,cyclopoid_copepod,139,
56,5/5/2021,KS,big sister,100,3,diaph,diaphanosoma_sp,1,
56,5/5/2021,KS,big sister,100,3,laevis,daphnia_laevis,2,
56,5/5/2021,KS,big sister,100,3,ostr,ostracod,15,
57,12/14/2021,KS,big sister,none,all,alona,allonellids,2,
57,12/14/2021,KS,big sister,none,all,ambig,daphnia_ambigua,265,
57,12/14/2021,KS,big sister,none,all,bos,bosmina_longirostris,8,
57,12/14/2021,KS,big sister,none,all,cal,calanoid_copepod,553,
57,12/14/2021,KS,big sister,none,all,cerio,ceriodaphnia_sp,2,
57,12/14/2021,KS,big sister,none,all,cyc,cyclopoid_copepod,77,
57,12/14/2021,KS,big sister,none,all,diaph,diaphanosoma_sp,21,
57,12/14/2021,KS,big sister,none,all,laevis,daphnia_laevis,2,
57,12/14/2021,KS,big sister,none,all,ostr,ostracod,20,
58,11/22/2021,KS,big sister,none,all,alona,allonellids,2,
58,11/22/2021,KS,big sister,none,all,ambig,daphnia_ambigua,340,
58,11/22/2021,KS,big sister,none,all,bos,bosmina_longirostris,4,
58,11/22/2021,KS,big sister,none,all,cal,calanoid_copepod,961,
58,11/22/2021,KS,big sister,none,all,cerio,ceriodaphnia_sp,32,
58,11/22/2021,KS,big sister,none,all,cyc,cyclopoid_copepod,288,
58,11/22/2021,KS,big sister,none,all,diaph,diaphanosoma_sp,40,
58,11/22/2021,KS,big sister,none,all,laevis,daphnia_laevis,6,
58,11/22/2021,KS,big sister,none,all,ostr,ostracod,2,
59,2/18/2022,KS,big sister,none,all,alona,allonellids,3,
59,2/18/2022,KS,big sister,none,all,ambig,daphnia_ambigua,545,
59,2/18/2022,KS,big sister,none,all,bos,bosmina_longirostris,108,
59,2/18/2022,KS,big sister,none,all,cal,calanoid_copepod,325,
59,2/18/2022,KS,big sister,none,all,cyc,cyclopoid_copepod,85,
59,2/18/2022,KS,big sister,none,all,laevis,daphnia_laevis,11,
59,2/18/2022,KS,big sister,none,all,ostr,ostracod,6,
60,9/14/2021,KS,VIP,100,4,alona,allonellids,3,
60,9/14/2021,KS,VIP,100,4,ambig,daphnia_ambigua,1,
60,9/14/2021,KS,VIP,100,4,cal,calanoid_copepod,165,
60,9/14/2021,KS,VIP,100,4,cerio,ceriodaphnia_sp,354,
60,9/14/2021,KS,VIP,100,4,cyc,cyclopoid_copepod,25,
60,9/14/2021,KS,VIP,100,4,diaph,diaphanosoma_sp,21,
61,4/14/2021,KS,VIP,100,2,ambig,daphnia_ambigua,293,
61,4/14/2021,KS,VIP,100,2,bos,bosmina_longirostris,52,
61,4/14/2021,KS,VIP,100,2,cal,calanoid_copepod,546,
61,4/14/2021,KS,VIP,100,2,cyc,cyclopoid_copepod,184,
61,4/14/2021,KS,VIP,100,2,diaph,diaphanosoma_sp,3,
62,1/27/2022,KS,VIP,100,1,alona,allonellids,17,
62,1/27/2022,KS,VIP,100,1,ambig,daphnia_ambigua,15,
62,1/27/2022,KS,VIP,100,1,bos,bosmina_longirostris,225,
62,1/27/2022,KS,VIP,100,1,cal,calanoid_copepod,67,
62,1/27/2022,KS,VIP,100,1,cerio,ceriodaphnia_sp,132,
62,1/27/2022,KS,VIP,100,1,cyc,cyclopoid_copepod,14,
62,1/27/2022,KS,VIP,100,1,diaph,diaphanosoma_sp,47,
63,1/5/2022,KS,VIP,100,1,alona,allonellids,23,
63,1/5/2022,KS,VIP,100,1,ambig,daphnia_ambigua,4,
63,1/5/2022,KS,VIP,100,1,bos,bosmina_longirostris,439,
63,1/5/2022,KS,VIP,100,1,cal,calanoid_copepod,49,
63,1/5/2022,KS,VIP,100,1,cerio,ceriodaphnia_sp,95,
63,1/5/2022,KS,VIP,100,1,cyc,cyclopoid_copepod,19,
63,1/5/2022,KS,VIP,100,1,diaph,diaphanosoma_sp,71,
64,3/7/2022,KS,catfish,100,5,bos,bosmina_longirostris,6,
64,3/7/2022,KS,catfish,100,5,cal,calanoid_copepod,42,
64,3/7/2022,KS,catfish,100,5,cyc,cyclopoid_copepod,7,
64,3/7/2022,KS,catfish,100,5,laevis,daphnia_laevis,280,
64,3/7/2022,KS,catfish,100,5,ostr,ostracod,6,
65,3/17/2022,KS,catfish,100,2,cal,calanoid_copepod,90,
65,3/17/2022,KS,catfish,100,2,chaob,chaoborus_sp,1,
65,3/17/2022,KS,catfish,100,2,cyc,cyclopoid_copepod,3,
65,3/17/2022,KS,catfish,100,2,laevis,daphnia_laevis,287,
66,5/19/2021,KS,VIP,100,1,ambig,daphnia_ambigua,209,
66,5/19/2021,KS,VIP,100,1,bos,bosmina_longirostris,105,
66,5/19/2021,KS,VIP,100,1,cal,calanoid_copepod,751,
66,5/19/2021,KS,VIP,100,1,cerio,ceriodaphnia_sp,159,
66,5/19/2021,KS,VIP,100,1,chaob,chaoborus_sp,1,
66,5/19/2021,KS,VIP,100,1,cyc,cyclopoid_copepod,69,
66,5/19/2021,KS,VIP,100,1,laevis,daphnia_laevis,1,
66,5/19/2021,KS,VIP,100,1,ostr,ostracod,1,
66,5/19/2021,KS,VIP,100,1,water mite,water_mite,2,
67,5/12/2021,KS,VIP,100,1,ambig,daphnia_ambigua,71,
67,5/12/2021,KS,VIP,100,1,bos,bosmina_longirostris,139,
67,5/12/2021,KS,VIP,100,1,cal,calanoid_copepod,407,
67,5/12/2021,KS,VIP,100,1,cerio,ceriodaphnia_sp,73,
67,5/12/2021,KS,VIP,100,1,chaob,chaoborus_sp,1,
67,5/12/2021,KS,VIP,100,1,cyc,cyclopoid_copepod,88,
67,5/12/2021,KS,VIP,100,1,diaph,diaphanosoma_sp,15,
68,4/28/2021,KS,VIP,100,0.4,ambig,daphnia_ambigua,34,
68,4/28/2021,KS,VIP,100,0.4,bos,bosmina_longirostris,15,
68,4/28/2021,KS,VIP,100,0.4,cal,calanoid_copepod,224,
68,4/28/2021,KS,VIP,100,0.4,cerio,ceriodaphnia_sp,2,
68,4/28/2021,KS,VIP,100,0.4,chaob,chaoborus_sp,1,
68,4/28/2021,KS,VIP,100,0.4,cyc,cyclopoid_copepod,38,
68,4/28/2021,KS,VIP,100,0.4,diaph,diaphanosoma_sp,2,
69,5/26/2021,KS,VIP,200,1,ambig,daphnia_ambigua,84,
69,5/26/2021,KS,VIP,200,1,bos,bosmina_longirostris,26,
69,5/26/2021,KS,VIP,200,1,cal,calanoid_copepod,230,
69,5/26/2021,KS,VIP,200,1,cerio,ceriodaphnia_sp,170,
69,5/26/2021,KS,VIP,200,1,cyc,cyclopoid_copepod,17,
69,5/26/2021,KS,VIP,200,1,laevis,daphnia_laevis,2,
70,3/7/2022,KS,VIP,200,1,alona,allonellids,17,
70,3/7/2022,KS,VIP,200,1,ambig,daphnia_ambigua,25,"5 of these 25 ambigua looked borderline parvula, but pretty sure they're ambigua"
70,3/7/2022,KS,VIP,200,1,bos,bosmina_longirostris,68,
70,3/7/2022,KS,VIP,200,1,cal,calanoid_copepod,161,
70,3/7/2022,KS,VIP,200,1,cerio,ceriodaphnia_sp,17,
70,3/7/2022,KS,VIP,200,1,cyc,cyclopoid_copepod,5,
70,3/7/2022,KS,VIP,200,1,diaph,diaphanosoma_sp,10,
71,5/5/2021,KS,VIP,200,1,alona,allonellids,3,
71,5/5/2021,KS,VIP,200,1,ambig,daphnia_ambigua,35,
71,5/5/2021,KS,VIP,200,1,bos,bosmina_longirostris,49,
71,5/5/2021,KS,VIP,200,1,cal,calanoid_copepod,202,
71,5/5/2021,KS,VIP,200,1,cerio,ceriodaphnia_sp,1,
71,5/5/2021,KS,VIP,200,1,cyc,cyclopoid_copepod,35,
71,5/5/2021,KS,VIP,200,1,diaph,diaphanosoma_sp,5,
72,4/2/2021,KS,VIP,200,3,ambig,daphnia_ambigua,120,
72,4/2/2021,KS,VIP,200,3,bos,bosmina_longirostris,11,
72,4/2/2021,KS,VIP,200,3,cal,calanoid_copepod,187,
72,4/2/2021,KS,VIP,200,3,cerio,ceriodaphnia_sp,1,
72,4/2/2021,KS,VIP,200,3,chaob,chaoborus_sp,1,
72,4/2/2021,KS,VIP,200,3,cyc,cyclopoid_copepod,8,
72,4/2/2021,KS,VIP,200,3,diaph,diaphanosoma_sp,5,
72,4/2/2021,KS,VIP,200,3,parv,daphnia_parvula,3,
73,5/11/2022,KS,VIP,200,2,alona,allonellids,1,
73,5/11/2022,KS,VIP,200,2,ambig,daphnia_ambigua,1,
73,5/11/2022,KS,VIP,200,2,bos,bosmina_longirostris,10,
73,5/11/2022,KS,VIP,200,2,cal,calanoid_copepod,22,
73,5/11/2022,KS,VIP,200,2,cerio,ceriodaphnia_sp,118,
73,5/11/2022,KS,VIP,200,2,cyc,cyclopoid_copepod,162,
73,5/11/2022,KS,VIP,200,2,laevis,daphnia_laevis,1,
74,3/28/2022,KS,catfish,none,all,alona,allonellids,1,
74,3/28/2022,KS,catfish,none,all,bos,bosmina_longirostris,15,
74,3/28/2022,KS,catfish,none,all,cal,calanoid_copepod,594,
74,3/28/2022,KS,catfish,none,all,cerio,ceriodaphnia_sp,18,
74,3/28/2022,KS,catfish,none,all,chaob,chaoborus_sp,2,
74,3/28/2022,KS,catfish,none,all,cyc,cyclopoid_copepod,22,
74,3/28/2022,KS,catfish,none,all,diaph,diaphanosoma_sp,8,
74,3/28/2022,KS,catfish,none,all,laevis,daphnia_laevis,282,
74,3/28/2022,KS,catfish,none,all,ostr,ostracod,1,
75,5/11/2022,KS,catfish,100,1,bos,bosmina_longirostris,3,
75,5/11/2022,KS,catfish,100,1,cal,calanoid_copepod,220,
75,5/11/2022,KS,catfish,100,1,cerio,ceriodaphnia_sp,1,
75,5/11/2022,KS,catfish,100,1,chaob,chaoborus_sp,6,
75,5/11/2022,KS,catfish,100,1,cyc,cyclopoid_copepod,7,
75,5/11/2022,KS,catfish,100,1,diaph,diaphanosoma_sp,16,
75,5/11/2022,KS,catfish,100,1,laevis,daphnia_laevis,92,
75,5/11/2022,KS,catfish,100,1,ostr,ostracod,1,1 backswimmer
76,6/3/2022,KS,catfish,100,3,cal,calanoid_copepod,68,
76,6/3/2022,KS,catfish,100,3,chaob,chaoborus_sp,40,
76,6/3/2022,KS,catfish,100,3,cyc,cyclopoid_copepod,161,
76,6/3/2022,KS,catfish,100,3,diaph,diaphanosoma_sp,2,
76,6/3/2022,KS,catfish,100,3,laevis,daphnia_laevis,66,
76,6/3/2022,KS,catfish,100,3,ostr,ostracod,4,
77,4/21/2021,KS,VIP,100,1,ambig,daphnia_ambigua,114,
77,4/21/2021,KS,VIP,100,1,bos,bosmina_longirostris,61,
77,4/21/2021,KS,VIP,100,1,cal,calanoid_copepod,315,
77,4/21/2021,KS,VIP,100,1,cerio,ceriodaphnia_sp,1,
77,4/21/2021,KS,VIP,100,1,cyc,cyclopoid_copepod,117,
77,4/21/2021,KS,VIP,100,1,laevis,daphnia_laevis,1,
78,6/23/2021,KS,VIP,100,3,bos,bosmina_longirostris,1,
78,6/23/2021,KS,VIP,100,3,cal,calanoid_copepod,298,
78,6/23/2021,KS,VIP,100,3,cerio,ceriodaphnia_sp,44,
78,6/23/2021,KS,VIP,100,3,chaob,chaoborus_sp,1,
78,6/23/2021,KS,VIP,100,3,cyc,cyclopoid_copepod,4,
78,6/23/2021,KS,VIP,100,3,ostr,ostracod,1,
79,4/21/2022,KS,VIP,100,1,ambig,daphnia_ambigua,1,
79,4/21/2022,KS,VIP,100,1,bos,bosmina_longirostris,42,
79,4/21/2022,KS,VIP,100,1,cal,calanoid_copepod,539,
79,4/21/2022,KS,VIP,100,1,cerio,ceriodaphnia_sp,145,
79,4/21/2022,KS,VIP,100,1,cyc,cyclopoid_copepod,23,
79,4/21/2022,KS,VIP,100,1,diaph,diaphanosoma_sp,119,
80,9/8/2022,ATS,catfish,100,3,alona,allonellids,2,
80,9/8/2022,ATS,catfish,100,3,asp,asplancha rotifer,12,asplancha rotifer
80,9/8/2022,ATS,catfish,100,3,cal,calanoid_copepod,534,
80,9/8/2022,ATS,catfish,100,3,cerio,ceriodaphnia_sp,4,
80,9/8/2022,ATS,catfish,100,3,chaob,chaoborus_sp,6,
80,9/8/2022,ATS,catfish,100,3,cyc,cyclopoid_copepod,6,
80,9/8/2022,ATS,catfish,100,3,diaph,diaphanosoma_sp,86,
80,9/8/2022,ATS,catfish,100,3,holp,holopedium_gibberum,14,
80,9/8/2022,ATS,catfish,100,3,laevis,daphnia_laevis,9,
80,9/8/2022,ATS,catfish,100,3,ostr,ostracod,3,
81,7/13/2022,ATS,catfish,100,2,alona,allonellids,1,
81,7/13/2022,ATS,catfish,100,2,asp,asplancha rotifer,18,asplancha rotifer
81,7/13/2022,ATS,catfish,100,2,cal,calanoid_copepod,150,
81,7/13/2022,ATS,catfish,100,2,cerio,ceriodaphnia_sp,3,
81,7/13/2022,ATS,catfish,100,2,chaob,chaoborus_sp,15,
81,7/13/2022,ATS,catfish,100,2,cyc,cyclopoid_copepod,41,
81,7/13/2022,ATS,catfish,100,2,damselfly,damselfly,1,
81,7/13/2022,ATS,catfish,100,2,diaph,diaphanosoma_sp,78,
81,7/13/2022,ATS,catfish,100,2,holp,holopedium_gibberum,14,
81,7/13/2022,ATS,catfish,100,2,laevis,daphnia_laevis,18,
81,7/13/2022,ATS,catfish,100,2,nauplii,nauplii,6,
81,7/13/2022,ATS,catfish,100,2,ostr,ostracod,2,
82,8/5/2022,CB,catfish,none,all,cal,calanoid_copepod,141,
82,8/5/2022,CB,catfish,none,all,chaob,chaoborus_sp,28,
82,8/5/2022,CB,catfish,none,all,cyc,cyclopoid_copepod,3,
82,8/5/2022,CB,catfish,none,all,diaph,diaphanosoma_sp,13,
82,8/5/2022,CB,catfish,none,all,laevis,daphnia_laevis,2,
82,8/5/2022,CB,catfish,none,all,ostr,ostracod,8,
83,4/21/2022,CB,catfish,100,3,cal,calanoid_copepod,235,
83,4/21/2022,CB,catfish,100,3,cerio,ceriodaphnia_sp,1,
83,4/21/2022,CB,catfish,100,3,chaob,chaoborus_sp,1,
83,4/21/2022,CB,catfish,100,3,cyc,cyclopoid_copepod,62,
83,4/21/2022,CB,catfish,100,3,diaph,diaphanosoma_sp,2,
84,6/22/2022,CB,catfish,none,all,cal,calanoid_copepod,109,
84,6/22/2022,CB,catfish,none,all,chaob,chaoborus_sp,10,
84,6/22/2022,CB,catfish,none,all,cyc,cyclopoid_copepod,133,
84,6/22/2022,CB,catfish,none,all,diaph,diaphanosoma_sp,5,
84,6/22/2022,CB,catfish,none,all,holp,holopedium_gibberum,43,
84,6/22/2022,CB,catfish,none,all,laevis,daphnia_laevis,12,
85,6/22/2022,CB,VIP,none,all,alona,allonellids,1,
85,6/22/2022,CB,VIP,none,all,cal,calanoid_copepod,10,
85,6/22/2022,CB,VIP,none,all,cyc,cyclopoid_copepod,8,
85,6/22/2022,CB,VIP,none,all,ostr,ostracod,3,
86,8/24/2021,CB,VIP,none,all,cal,calanoid_copepod,53,
86,8/24/2021,CB,VIP,none,all,chaob,chaoborus_sp,1,
86,8/24/2021,CB,VIP,none,all,cyc,cyclopoid_copepod,11,
86,8/24/2021,CB,VIP,none,all,diaph,diaphanosoma_sp,15,
86,8/24/2021,CB,VIP,none,all,laevis,daphnia_laevis,5,
86,8/24/2021,CB,VIP,none,all,ostr,ostracod,2,
87,8/5/2022,CB,VIP,none,all,cal,calanoid_copepod,4,
87,8/5/2022,CB,VIP,none,all,cerio,ceriodaphnia_sp,1,
87,8/5/2022,CB,VIP,none,all,cyc,cyclopoid_copepod,4,
87,8/5/2022,CB,VIP,none,all,laevis,daphnia_laevis,1,
87,8/5/2022,CB,VIP,none,all,ostr,ostracod,7,
88,6/3/2022,CB,VIP,none,all,alona,allonellids,1,
88,6/3/2022,CB,VIP,none,all,cal,calanoid_copepod,6,
88,6/3/2022,CB,VIP,none,all,cyc,cyclopoid_copepod,8,
88,6/3/2022,CB,VIP,none,all,diaph,diaphanosoma_sp,2,
88,6/3/2022,CB,VIP,none,all,laevis,daphnia_laevis,1,
88,6/3/2022,CB,VIP,none,all,ostr,ostracod,42,
89,8/26/2021,KS,deans,200,1,ambig,daphnia_ambigua,6,
89,8/26/2021,KS,deans,200,1,bos,bosmina_longirostris,65,
89,8/26/2021,KS,deans,200,1,cal,calanoid_copepod,125,
89,8/26/2021,KS,deans,200,1,cerio,ceriodaphnia_sp,27,
89,8/26/2021,KS,deans,200,1,cyc,cyclopoid_copepod,50,
89,8/26/2021,KS,deans,200,1,diaph,diaphanosoma_sp,33,
89,8/26/2021,KS,deans,200,1,ostr,ostracod,10,
89,8/26/2021,KS,deans,200,1,parv,daphnia_parvula,33,
90,6/23/2021,KS,deans,200,1,ambig,daphnia_ambigua,55,
90,6/23/2021,KS,deans,200,1,bos,bosmina_longirostris,78,
90,6/23/2021,KS,deans,200,1,cal,calanoid_copepod,81,
90,6/23/2021,KS,deans,200,1,cerio,ceriodaphnia_sp,3,
90,6/23/2021,KS,deans,200,1,cyc,cyclopoid_copepod,54,
90,6/23/2021,KS,deans,200,1,diaph,diaphanosoma_sp,27,
90,6/23/2021,KS,deans,200,1,ostr,ostracod,17,
90,6/23/2021,KS,deans,200,1,parv,daphnia_parvula,17,
91,4/28/2021,KS,deans,200,2,ambig,daphnia_ambigua,61,
91,4/28/2021,KS,deans,200,2,cal,calanoid_copepod,42,
91,4/28/2021,KS,deans,200,2,cerio,ceriodaphnia_sp,95,
91,4/28/2021,KS,deans,200,2,cyc,cyclopoid_copepod,167,
91,4/28/2021,KS,deans,200,2,ostr,ostracod,8,
91,4/28/2021,KS,deans,200,2,parv,daphnia_parvula,8,
92,11/2/2021,KS,deans,200,6,alona,allonellids,6,
92,11/2/2021,KS,deans,200,6,ambig,daphnia_ambigua,27,
92,11/2/2021,KS,deans,200,6,bos,bosmina_longirostris,7,
92,11/2/2021,KS,deans,200,6,cal,calanoid_copepod,96,
92,11/2/2021,KS,deans,200,6,cerio,ceriodaphnia_sp,16,
92,11/2/2021,KS,deans,200,6,cyc,cyclopoid_copepod,62,
92,11/2/2021,KS,deans,200,6,diaph,diaphanosoma_sp,123,
92,11/2/2021,KS,deans,200,6,parv,daphnia_parvula,2,
93,4/2/2021,KS,deans,200,1,ambig,daphnia_ambigua,29,
93,4/2/2021,KS,deans,200,1,bos,bosmina_longirostris,75,
93,4/2/2021,KS,deans,200,1,cal,calanoid_copepod,5,
93,4/2/2021,KS,deans,200,1,cerio,ceriodaphnia_sp,87,
93,4/2/2021,KS,deans,200,1,cyc,cyclopoid_copepod,100,
93,4/2/2021,KS,deans,200,1,diaph,diaphanosoma_sp,5,
93,4/2/2021,KS,deans,200,1,ostr,ostracod,7,
93,4/2/2021,KS,deans,200,1,parv,daphnia_parvula,1,
94,8/4/2021,KS,deans,200,2,ambig,daphnia_ambigua,1,
94,8/4/2021,KS,deans,200,2,bos,bosmina_longirostris,89,
94,8/4/2021,KS,deans,200,2,cal,calanoid_copepod,98,
94,8/4/2021,KS,deans,200,2,cerio,ceriodaphnia_sp,14,
94,8/4/2021,KS,deans,200,2,cyc,cyclopoid_copepod,153,
94,8/4/2021,KS,deans,200,2,diaph,diaphanosoma_sp,49,
94,8/4/2021,KS,deans,200,2,ostr,ostracod,75,
94,8/4/2021,KS,deans,200,2,parv,daphnia_parvula,13,
95,5/26/2021,KS,deans,200,1,ambig,daphnia_ambigua,32,
95,5/26/2021,KS,deans,200,1,cal,calanoid_copepod,44,
95,5/26/2021,KS,deans,200,1,cerio,ceriodaphnia_sp,254,
95,5/26/2021,KS,deans,200,1,chaob,chaoborus_sp,1,
95,5/26/2021,KS,deans,200,1,cyc,cyclopoid_copepod,142,
95,5/26/2021,KS,deans,200,1,diaph,diaphanosoma_sp,6,
95,5/26/2021,KS,deans,200,1,laevis,daphnia_laevis,2,
95,5/26/2021,KS,deans,200,1,ostr,ostracod,5,
95,5/26/2021,KS,deans,200,1,parv,daphnia_parvula,1,
96,5/12/2021,KS,deans,200,1,ambig,daphnia_ambigua,27,
96,5/12/2021,KS,deans,200,1,bos,bosmina_longirostris,1,
96,5/12/2021,KS,deans,200,1,cal,calanoid_copepod,46,
96,5/12/2021,KS,deans,200,1,cerio,ceriodaphnia_sp,111,
96,5/12/2021,KS,deans,200,1,chaob,chaoborus_sp,1,
96,5/12/2021,KS,deans,200,1,cyc,cyclopoid_copepod,93,
96,5/12/2021,KS,deans,200,1,diaph,diaphanosoma_sp,1,
96,5/12/2021,KS,deans,200,1,ostr,ostracod,25,
96,5/12/2021,KS,deans,200,1,parv,daphnia_parvula,2,
97,3/28/2022,KS,deans,200,1,alona,allonellids,1,
97,3/28/2022,KS,deans,200,1,ambig,daphnia_ambigua,126,
97,3/28/2022,KS,deans,200,1,bos,bosmina_longirostris,7,
97,3/28/2022,KS,deans,200,1,cal,calanoid_copepod,117,
97,3/28/2022,KS,deans,200,1,cerio,ceriodaphnia_sp,6,
97,3/28/2022,KS,deans,200,1,cyc,cyclopoid_copepod,13,
97,3/28/2022,KS,deans,200,1,diaph,diaphanosoma_sp,79,
97,3/28/2022,KS,deans,200,1,ostr,ostracod,1,
97,3/28/2022,KS,deans,200,1,parv,daphnia_parvula,3,
98,12/14/2021,KS,deans,200,1,alona,allonellids,1,
98,12/14/2021,KS,deans,200,1,ambig,daphnia_ambigua,45,
98,12/14/2021,KS,deans,200,1,bos,bosmina_longirostris,15,
98,12/14/2021,KS,deans,200,1,cal,calanoid_copepod,172,
98,12/14/2021,KS,deans,200,1,cerio,ceriodaphnia_sp,22,
98,12/14/2021,KS,deans,200,1,cyc,cyclopoid_copepod,33,
98,12/14/2021,KS,deans,200,1,diaph,diaphanosoma_sp,35,
98,12/14/2021,KS,deans,200,1,parv,daphnia_parvula,1,
99,9/14/2021,KS,deans,200,1,ambig,daphnia_ambigua,76,small and hard to ID ambig vs parv
99,9/14/2021,KS,deans,200,1,bos,bosmina_longirostris,41,
99,9/14/2021,KS,deans,200,1,cal,calanoid_copepod,142,
99,9/14/2021,KS,deans,200,1,cerio,ceriodaphnia_sp,34,
99,9/14/2021,KS,deans,200,1,chaob,chaoborus_sp,1,
99,9/14/2021,KS,deans,200,1,cyc,cyclopoid_copepod,76,
99,9/14/2021,KS,deans,200,1,diaph,diaphanosoma_sp,78,
99,9/14/2021,KS,deans,200,1,ostr,ostracod,2,
99,9/14/2021,KS,deans,200,1,parv,daphnia_parvula,24,small and hard to ID ambig vs parv
100,7/13/2022,KS,VIP,none,NA,cal,calanoid_copepod,27,
100,7/13/2022,KS,VIP,none,NA,cyc,cyclopoid_copepod,8,
100,7/13/2022,KS,VIP,none,NA,diaph,diaphanosoma_sp,6,
100,7/13/2022,KS,VIP,none,NA,ostr,ostracod,5,
101,7/13/2022,KS,deans,200,1,ambig,daphnia_ambigua,27,
101,7/13/2022,KS,deans,200,1,bos,bosmina_longirostris,103,
101,7/13/2022,KS,deans,200,1,cal,calanoid_copepod,45,
101,7/13/2022,KS,deans,200,1,cerio,ceriodaphnia_sp,34,
101,7/13/2022,KS,deans,200,1,cyc,cyclopoid_copepod,50,
101,7/13/2022,KS,deans,200,1,diaph,diaphanosoma_sp,109,
101,7/13/2022,KS,deans,200,1,laevis,daphnia_laevis,1,
101,7/13/2022,KS,deans,200,1,ostr,ostracod,51,
102,11/22/2021,KS,deans,100,1,ambig,daphnia_ambigua,49,
102,11/22/2021,KS,deans,100,1,bos,bosmina_longirostris,31,
102,11/22/2021,KS,deans,100,1,cal,calanoid_copepod,112,
102,11/22/2021,KS,deans,100,1,cerio,ceriodaphnia_sp,15,
102,11/22/2021,KS,deans,100,1,cyc,cyclopoid_copepod,36,
102,11/22/2021,KS,deans,100,1,diaph,diaphanosoma_sp,72,
102,11/22/2021,KS,deans,100,1,ostr,ostracod,1,
102,11/22/2021,KS,deans,100,1,parv,daphnia_parvula,3,
103,5/19/2021,KS,deans,100,1,ambig,daphnia_ambigua,29,
103,5/19/2021,KS,deans,100,1,cal,calanoid_copepod,151,
103,5/19/2021,KS,deans,100,1,cerio,ceriodaphnia_sp,294,
103,5/19/2021,KS,deans,100,1,chaob,chaoborus_sp,3,
103,5/19/2021,KS,deans,100,1,cyc,cyclopoid_copepod,224,
103,5/19/2021,KS,deans,100,1,diaph,diaphanosoma_sp,3,
103,5/19/2021,KS,deans,100,1,ostr,ostracod,13,
103,5/19/2021,KS,deans,100,1,parv,daphnia_parvula,9,
104,4/14/2021,KS,deans,200,1,ambig,daphnia_ambigua,89,
104,4/14/2021,KS,deans,200,1,bos,bosmina_longirostris,27,
104,4/14/2021,KS,deans,200,1,cal,calanoid_copepod,7,
104,4/14/2021,KS,deans,200,1,cerio,ceriodaphnia_sp,142,
104,4/14/2021,KS,deans,200,1,cyc,cyclopoid_copepod,63,
104,4/14/2021,KS,deans,200,1,diaph,diaphanosoma_sp,8,
104,4/14/2021,KS,deans,200,1,ostr,ostracod,3,
104,4/14/2021,KS,deans,200,1,parv,daphnia_parvula,24,
105,10/12/2021,KS,deans,200,3,ambig,daphnia_ambigua,49,
105,10/12/2021,KS,deans,200,3,bos,bosmina_longirostris,2,
105,10/12/2021,KS,deans,200,3,cal,calanoid_copepod,54,
105,10/12/2021,KS,deans,200,3,cerio,ceriodaphnia_sp,21,
105,10/12/2021,KS,deans,200,3,chaob,chaoborus_sp,1,
105,10/12/2021,KS,deans,200,3,cyc,cyclopoid_copepod,57,
105,10/12/2021,KS,deans,200,3,diaph,diaphanosoma_sp,125,
105,10/12/2021,KS,deans,200,3,ostr,ostracod,3,
105,10/12/2021,KS,deans,200,3,parv,daphnia_parvula,16,
106,4/7/2021,KS,VIP,200,2,ambig,daphnia_ambigua,203,
106,4/7/2021,KS,VIP,200,2,bos,bosmina_longirostris,15,
106,4/7/2021,KS,VIP,200,2,cal,calanoid_copepod,268,
106,4/7/2021,KS,VIP,200,2,cerio,ceriodaphnia_sp,2,
106,4/7/2021,KS,VIP,200,2,cyc,cyclopoid_copepod,35,
106,4/7/2021,KS,VIP,200,2,parv,daphnia_parvula,1,
107,3/28/2022,KS,VIP,200,1,alona,allonellids,4,
107,3/28/2022,KS,VIP,200,1,ambig,daphnia_ambigua,20,
107,3/28/2022,KS,VIP,200,1,bos,bosmina_longirostris,70,
107,3/28/2022,KS,VIP,200,1,cal,calanoid_copepod,266,
107,3/28/2022,KS,VIP,200,1,cerio,ceriodaphnia_sp,121,
107,3/28/2022,KS,VIP,200,1,cyc,cyclopoid_copepod,32,
107,3/28/2022,KS,VIP,200,1,diaph,diaphanosoma_sp,77,
108,5/25/2022,KS,bear,200,2,ambig,daphnia_ambigua,14,
108,5/25/2022,KS,bear,200,2,bos,bosmina_longirostris,144,
108,5/25/2022,KS,bear,200,2,cal,calanoid_copepod,4,
108,5/25/2022,KS,bear,200,2,cerio,ceriodaphnia_sp,2,
108,5/25/2022,KS,bear,200,2,cyc,cyclopoid_copepod,315,
108,5/25/2022,KS,bear,200,2,diaph,diaphanosoma_sp,3,
109,6/2/2021,KS,VIP,100,1,ambig,daphnia_ambigua,30,
109,6/2/2021,KS,VIP,100,1,bos,bosmina_longirostris,16,
109,6/2/2021,KS,VIP,100,1,cal,calanoid_copepod,118,
109,6/2/2021,KS,VIP,100,1,cerio,ceriodaphnia_sp,53,
109,6/2/2021,KS,VIP,100,1,cyc,cyclopoid_copepod,3,
109,6/2/2021,KS,VIP,100,1,laevis,daphnia_laevis,1,
110,12/14/2021,KS,VIP,100,2,alona,allonellids,21,
110,12/14/2021,KS,VIP,100,2,ambig,daphnia_ambigua,1,
110,12/14/2021,KS,VIP,100,2,bos,bosmina_longirostris,34,
110,12/14/2021,KS,VIP,100,2,cal,calanoid_copepod,42,
110,12/14/2021,KS,VIP,100,2,cerio,ceriodaphnia_sp,41,
110,12/14/2021,KS,VIP,100,2,cyc,cyclopoid_copepod,37,
110,12/14/2021,KS,VIP,100,2,diaph,diaphanosoma_sp,125,
110,12/14/2021,KS,VIP,100,2,ostr,ostracod,2,
111,7/13/2021,KS,VIP,100,2,bos,bosmina_longirostris,5,
111,7/13/2021,KS,VIP,100,2,cal,calanoid_copepod,376,
111,7/13/2021,KS,VIP,100,2,cerio,ceriodaphnia_sp,2,1 dead laevis and 1 dead ambig?
111,7/13/2021,KS,VIP,100,2,diaph,diaphanosoma_sp,3,
111,7/13/2021,KS,VIP,100,2,ostr,ostracod,1,
112,9/8/2022,CB,VIP,NA,all,cal,calanoid_copepod,3,
112,9/8/2022,CB,VIP,NA,all,chiron,chironomid,20,?Not sure what this is
112,9/8/2022,CB,VIP,NA,all,cyc,cyclopoid_copepod,5,
112,9/8/2022,CB,VIP,NA,all,ostr,ostracod,20,
113,6/2/2021,CB,deans,200,1,bos,bosmina_longirostris,1,
113,6/2/2021,CB,deans,200,1,cal,calanoid_copepod,11,
113,6/2/2021,CB,deans,200,1,cyc,cyclopoid_copepod,155,
113,6/2/2021,CB,deans,200,1,diaph,diaphanosoma_sp,114,
113,6/2/2021,CB,deans,200,1,ostr,ostracod,3,
113,6/2/2021,CB,deans,200,1,ambig,daphnia_ambigua,31,"changed from parv to ambig, based on samples before and after"
114,9/8/2022,CB,deans,200,2,ambig,daphnia_ambigua,7,
114,9/8/2022,CB,deans,200,2,bos,bosmina_longirostris,217,
114,9/8/2022,CB,deans,200,2,bos,bosmina_longirostris,6,
114,9/8/2022,CB,deans,200,2,cal,calanoid_copepod,59,
114,9/8/2022,CB,deans,200,2,cyc,cyclopoid_copepod,6,
114,9/8/2022,CB,deans,200,2,diaph,diaphanosoma_sp,5,
114,9/8/2022,CB,deans,200,2,parv,daphnia_parvula,9,
115,5/5/2021,CB,deans,200,3,bos,bosmina_longirostris,6,
115,5/5/2021,CB,deans,200,3,cal,calanoid_copepod,31,
115,5/5/2021,CB,deans,200,3,cyc,cyclopoid_copepod,54,
115,5/5/2021,CB,deans,200,3,diaph,diaphanosoma_sp,200,
115,5/5/2021,CB,deans,200,3,ostr,ostracod,36,
115,5/5/2021,CB,deans,200,3,ambig,daphnia_ambigua,11,"changed from parv to ambig, based on samples before and after"
116,8/5/2022,CB,deans,100,1,bos,bosmina_longirostris,346,
116,8/5/2022,CB,deans,100,1,cal,calanoid_copepod,45,
116,8/5/2022,CB,deans,100,1,cyc,cyclopoid_copepod,6,
116,8/5/2022,CB,deans,100,1,diaph,diaphanosoma_sp,9,
116,8/5/2022,CB,deans,100,1,ostr,ostracod,2,
116,8/5/2022,CB,deans,100,1,ambig,daphnia_ambigua,2,"changed from parv to ambig, based on samples before and after"
117,6/3/2022,CB,deans,100,2,bos,bosmina_longirostris,110,
117,6/3/2022,CB,deans,100,2,cal,calanoid_copepod,7,
117,6/3/2022,CB,deans,100,2,cyc,cyclopoid_copepod,25,
117,6/3/2022,CB,deans,100,2,diaph,diaphanosoma_sp,170,
117,6/3/2022,CB,deans,100,2,ostr,ostracod,1,
117,6/3/2022,CB,deans,100,2,ambig,daphnia_ambigua,18,"changed from parv to ambig, based on samples before and after, added 2 other amb"
118,9/8/2022,CB,big sister,100,3,cal,calanoid_copepod,194,
118,9/8/2022,CB,big sister,100,3,cyc,cyclopoid_copepod,46,
118,9/8/2022,CB,big sister,100,3,diaph,diaphanosoma_sp,12,
119,10/6/2022,CB,nn3,NA,all,ambig,daphnia_ambigua,1,
119,10/6/2022,CB,nn3,NA,all,cal,calanoid_copepod,244,
119,10/6/2022,CB,nn3,NA,all,cyc,cyclopoid_copepod,5,
119,10/6/2022,CB,nn3,NA,all,diaph,diaphanosoma_sp,2,
119,10/6/2022,CB,nn3,NA,all,simo,simocephalus_sp,12,
120,9/8/2022,CB,nn3,NA,all,cal,calanoid_copepod,277,
120,9/8/2022,CB,nn3,NA,all,diaph,diaphanosoma_sp,1,
120,9/8/2022,CB,nn3,NA,all,ostr,ostracod,4,
120,9/8/2022,CB,nn3,NA,all,simo,simocephalus_sp,18,
121,7/13/2022,CB,big sister,NA,all,cal,calanoid_copepod,102,
121,7/13/2022,CB,big sister,NA,all,cyc,cyclopoid_copepod,8,
121,7/13/2022,CB,big sister,NA,all,diaph,diaphanosoma_sp,1,
121,7/13/2022,CB,big sister,NA,all,ostr,ostracod,11,
121,7/13/2022,CB,big sister,NA,all,simo,simocephalus_sp,11,
122,8/5/2022,CB,big sister,NA,all,cal,calanoid_copepod,159,
122,8/5/2022,CB,big sister,NA,all,cyc,cyclopoid_copepod,8,
122,8/5/2022,CB,big sister,NA,all,ostr,ostracod,2,
122,8/5/2022,CB,big sister,NA,all,simo,simocephalus_sp,1,
123,6/22/2022,CB,sister1,NA,all,cal,calanoid_copepod,52,
123,6/22/2022,CB,sister1,NA,all,chaob,chaoborus_sp,3,
123,6/22/2022,CB,sister1,NA,all,cyc,cyclopoid_copepod,10,
123,6/22/2022,CB,sister1,NA,all,diaph,diaphanosoma_sp,2,
123,6/22/2022,CB,sister1,NA,all,laevis,daphnia_laevis,82,
123,6/22/2022,CB,sister1,NA,all,nauplii,nauplii,2,
124,6/3/2022,CB,big sister,NA,all,ambig,daphnia_ambigua,3,
124,6/3/2022,CB,big sister,NA,all,bos,bosmina_longirostris,250,
124,6/3/2022,CB,big sister,NA,all,cal,calanoid_copepod,37,
124,6/3/2022,CB,big sister,NA,all,chaob,chaoborus_sp,1,
124,6/3/2022,CB,big sister,NA,all,cyc,cyclopoid_copepod,17,
124,6/3/2022,CB,big sister,NA,all,diaph,diaphanosoma_sp,3,
125,7/13/2022,CB,little sister,NA,all,cal,calanoid_copepod,124,
125,7/13/2022,CB,little sister,NA,all,chaob,chaoborus_sp,8,
125,7/13/2022,CB,little sister,NA,all,cyc,cyclopoid_copepod,57,
125,7/13/2022,CB,little sister,NA,all,laevis,daphnia_laevis,85,
125,7/13/2022,CB,little sister,NA,all,nauplii,nauplii,2,
125,7/13/2022,CB,little sister,NA,all,ostr,ostracod,2,
126,4/21/2022,KS,deans,200,1,ambig,daphnia_ambigua,23,
126,4/21/2022,KS,deans,200,1,bos,bosmina_longirostris,2,
126,4/21/2022,KS,deans,200,1,cal,calanoid_copepod,298,
126,4/21/2022,KS,deans,200,1,cerio,ceriodaphnia_sp,24,
126,4/21/2022,KS,deans,200,1,cyc,cyclopoid_copepod,26,
126,4/21/2022,KS,deans,200,1,diaph,diaphanosoma_sp,68,
126,4/21/2022,KS,deans,200,1,ostr,ostracod,3,
126,4/21/2022,KS,deans,200,1,parv,daphnia_parvula,2,
127,1/27/2022,KS,deans,200,1,ambig,daphnia_ambigua,74,
127,1/27/2022,KS,deans,200,1,bos,bosmina_longirostris,34,
127,1/27/2022,KS,deans,200,1,cal,calanoid_copepod,199,
127,1/27/2022,KS,deans,200,1,cerio,ceriodaphnia_sp,24,
127,1/27/2022,KS,deans,200,1,cyc,cyclopoid_copepod,11,
127,1/27/2022,KS,deans,200,1,diaph,diaphanosoma_sp,32,
127,1/27/2022,KS,deans,200,1,parv,daphnia_parvula,6,
128,4/21/2021,KS,deans,200,1,alona,allonellids,1,
128,4/21/2021,KS,deans,200,1,ambig,daphnia_ambigua,61,
128,4/21/2021,KS,deans,200,1,bos,bosmina_longirostris,54,
128,4/21/2021,KS,deans,200,1,cal,calanoid_copepod,19,
128,4/21/2021,KS,deans,200,1,cerio,ceriodaphnia_sp,114,
128,4/21/2021,KS,deans,200,1,cyc,cyclopoid_copepod,70,
128,4/21/2021,KS,deans,200,1,diaph,diaphanosoma_sp,1,
128,4/21/2021,KS,deans,200,1,ostr,ostracod,1,
128,4/21/2021,KS,deans,200,1,parv,daphnia_parvula,6,
129,2/18/2022,KS,deans,200,2,ambig,daphnia_ambigua,163,
129,2/18/2022,KS,deans,200,2,bos,bosmina_longirostris,40,
129,2/18/2022,KS,deans,200,2,cal,calanoid_copepod,130,
129,2/18/2022,KS,deans,200,2,cerio,ceriodaphnia_sp,2,
129,2/18/2022,KS,deans,200,2,cyc,cyclopoid_copepod,9,
129,2/18/2022,KS,deans,200,2,diaph,diaphanosoma_sp,3,
130,6/22/2022,KS,deans,200,2,ambig,daphnia_ambigua,39,
130,6/22/2022,KS,deans,200,2,bos,bosmina_longirostris,107,
130,6/22/2022,KS,deans,200,2,cal,calanoid_copepod,5,
130,6/22/2022,KS,deans,200,2,cerio,ceriodaphnia_sp,138,
130,6/22/2022,KS,deans,200,2,cyc,cyclopoid_copepod,14,
130,6/22/2022,KS,deans,200,2,ostr,ostracod,4,
131,5/11/2022,KS,deans,200,2,ambig,daphnia_ambigua,15,
131,5/11/2022,KS,deans,200,2,bos,bosmina_longirostris,64,
131,5/11/2022,KS,deans,200,2,cal,calanoid_copepod,29,
131,5/11/2022,KS,deans,200,2,cerio,ceriodaphnia_sp,61,
131,5/11/2022,KS,deans,200,2,chaob,chaoborus_sp,2,
131,5/11/2022,KS,deans,200,2,cyc,cyclopoid_copepod,178,
131,5/11/2022,KS,deans,200,2,diaph,diaphanosoma_sp,119,
131,5/11/2022,KS,deans,200,2,ostr,ostracod,1,
131,5/11/2022,KS,deans,200,2,parv,daphnia_parvula,5,
132,1/5/2022,KS,deans,200,1,alona,allonellids,3,
132,1/5/2022,KS,deans,200,1,ambig,daphnia_ambigua,77,
132,1/5/2022,KS,deans,200,1,bos,bosmina_longirostris,44,
132,1/5/2022,KS,deans,200,1,cal,calanoid_copepod,163,
132,1/5/2022,KS,deans,200,1,cerio,ceriodaphnia_sp,32,
132,1/5/2022,KS,deans,200,1,cyc,cyclopoid_copepod,21,
132,1/5/2022,KS,deans,200,1,diaph,diaphanosoma_sp,42,
132,1/5/2022,KS,deans,200,1,ostr,ostracod,2,
132,1/5/2022,KS,deans,200,1,parv,daphnia_parvula,1,
133,7/13/2022,KS,deans,200,3,ambig,daphnia_ambigua,12,
133,7/13/2022,KS,deans,200,3,bos,bosmina_longirostris,185,
133,7/13/2022,KS,deans,200,3,cal,calanoid_copepod,31,
133,7/13/2022,KS,deans,200,3,cerio,ceriodaphnia_sp,82,
133,7/13/2022,KS,deans,200,3,cyc,cyclopoid_copepod,59,
133,7/13/2022,KS,deans,200,3,diaph,diaphanosoma_sp,5,
133,7/13/2022,KS,deans,200,3,ostr,ostracod,4,
133,7/13/2022,KS,deans,200,3,parv,daphnia_parvula,1,
134,3/7/2022,KS,deans,200,2,ambig,daphnia_ambigua,184,
134,3/7/2022,KS,deans,200,2,bos,bosmina_longirostris,137,
134,3/7/2022,KS,deans,200,2,cal,calanoid_copepod,121,
134,3/7/2022,KS,deans,200,2,cerio,ceriodaphnia_sp,5,
134,3/7/2022,KS,deans,200,2,cyc,cyclopoid_copepod,9,
134,3/7/2022,KS,deans,200,2,diaph,diaphanosoma_sp,14,
135,11/10/2022,KS,sister1,200,4,bos,bosmina_longirostris,1,
135,11/10/2022,KS,sister1,200,4,cal,calanoid_copepod,222,
135,11/10/2022,KS,sister1,200,4,chaob,chaoborus_sp,7,
135,11/10/2022,KS,sister1,200,4,cyc,cyclopoid_copepod,32,
135,11/10/2022,KS,sister1,200,4,diaph,diaphanosoma_sp,1,
135,11/10/2022,KS,sister1,200,4,laevis,daphnia_laevis,122,
135,11/10/2022,KS,sister1,200,4,ostr,ostracod,8,
136,4/21/2022,KS,sister1,100,2,cal,calanoid_copepod,184,
136,4/21/2022,KS,sister1,100,2,chaob,chaoborus_sp,2,
136,4/21/2022,KS,sister1,100,2,cyc,cyclopoid_copepod,30,
136,4/21/2022,KS,sister1,100,2,diaph,diaphanosoma_sp,3,
136,4/21/2022,KS,sister1,100,2,laevis,daphnia_laevis,94,
136,4/21/2022,KS,sister1,100,2,ostr,ostracod,6,
137,3/7/2022,KS,sister1,100,5,ambig,daphnia_ambigua,4,
137,3/7/2022,KS,sister1,100,5,bos,bosmina_longirostris,4,
137,3/7/2022,KS,sister1,100,5,cal,calanoid_copepod,137,
137,3/7/2022,KS,sister1,100,5,chaob,chaoborus_sp,2,
137,3/7/2022,KS,sister1,100,5,cyc,cyclopoid_copepod,16,
137,3/7/2022,KS,sister1,100,5,diaph,diaphanosoma_sp,2,
137,3/7/2022,KS,sister1,100,5,laevis,daphnia_laevis,147,
137,3/7/2022,KS,sister1,100,5,ostr,ostracod,2,
138,6/3/2022,KS,sister1,100,7,alona,allonellids,1,
138,6/3/2022,KS,sister1,100,7,ambig,daphnia_ambigua,5,
138,6/3/2022,KS,sister1,100,7,bos,bosmina_longirostris,2,
138,6/3/2022,KS,sister1,100,7,cal,calanoid_copepod,75,
138,6/3/2022,KS,sister1,100,7,cerio,ceriodaphnia_sp,14,
138,6/3/2022,KS,sister1,100,7,chaob,chaoborus_sp,29,
138,6/3/2022,KS,sister1,100,7,cyc,cyclopoid_copepod,46,
138,6/3/2022,KS,sister1,100,7,diaph,diaphanosoma_sp,1,
138,6/3/2022,KS,sister1,100,7,laevis,daphnia_laevis,132,
138,6/3/2022,KS,sister1,100,7,ostr,ostracod,12,
138,6/3/2022,KS,sister1,100,7,parv,daphnia_parvula,4,
139,9/8/2022,KS,sister1,100,3,bos,bosmina_longirostris,28,
139,9/8/2022,KS,sister1,100,3,cal,calanoid_copepod,82,
139,9/8/2022,KS,sister1,100,3,cerio,ceriodaphnia_sp,6,
139,9/8/2022,KS,sister1,100,3,chaob,chaoborus_sp,10,
139,9/8/2022,KS,sister1,100,3,cyc,cyclopoid_copepod,95,
139,9/8/2022,KS,sister1,100,3,diaph,diaphanosoma_sp,1,
139,9/8/2022,KS,sister1,100,3,laevis,daphnia_laevis,82,
139,9/8/2022,KS,sister1,100,3,ostr,ostracod,2,
140,5/31/2022,CB,nn3,none,NA,ambig,daphnia_ambigua,1,
140,5/31/2022,CB,nn3,none,NA,cal,calanoid_copepod,89,
140,5/31/2022,CB,nn3,none,NA,chaob,chaoborus_sp,4,
140,5/31/2022,CB,nn3,none,NA,chiron,chironomid,4,check spelling
140,5/31/2022,CB,nn3,none,NA,cyc,cyclopoid_copepod,15,
140,5/31/2022,CB,nn3,none,NA,laevis,daphnia_laevis,10,
140,5/31/2022,CB,nn3,none,NA,nauplii,nauplii,4,
141,8/4/2021,CB,nn3,none,NA,cal,calanoid_copepod,243,
141,8/4/2021,CB,nn3,none,NA,chaob,chaoborus_sp,8,
141,8/4/2021,CB,nn3,none,NA,cyc,cyclopoid_copepod,59,
141,8/4/2021,CB,nn3,none,NA,MISSING TAXON,,4,"KS looked at sample quickly on 11/23/22 and saw each of these + at least 3 diaph. Didn't recount, but that's the only additional thing I saw"
141,8/4/2021,CB,nn3,none,NA,ostr,ostracod,12,
142,12/14/2021,CB,nn3,none,NA,cal,calanoid_copepod,83,
142,12/14/2021,CB,nn3,none,NA,cyc,cyclopoid_copepod,19,
142,12/14/2021,CB,nn3,none,NA,diaph,diaphanosoma_sp,1,
142,12/14/2021,CB,nn3,none,NA,laevis,daphnia_laevis,4,
143,10/6/2022,CB,big sister,none,NA,ambig,daphnia_ambigua,13,
143,10/6/2022,CB,big sister,none,NA,cal,calanoid_copepod,178,
143,10/6/2022,CB,big sister,none,NA,chaob,chaoborus_sp,1,
143,10/6/2022,CB,big sister,none,NA,cyc,cyclopoid_copepod,59,
143,10/6/2022,CB,big sister,none,NA,nauplii,nauplii,9,
144,6/22/2022,CB,big sister,none,NA,ambig,daphnia_ambigua,2,
144,6/22/2022,CB,big sister,none,NA,bos,bosmina_longirostris,31,
144,6/22/2022,CB,big sister,none,NA,cal,calanoid_copepod,94,
144,6/22/2022,CB,big sister,none,NA,cyc,cyclopoid_copepod,38,
144,6/22/2022,CB,big sister,none,NA,laevis,daphnia_laevis,1,
144,6/22/2022,CB,big sister,none,NA,ostr,ostracod,12,
145,3/7/2022,CB,big sister,none,NA,ambig,daphnia_ambigua,71,added in what was counted as parv on datasheet
145,3/7/2022,CB,big sister,none,NA,bos,bosmina_longirostris,58,
145,3/7/2022,CB,big sister,none,NA,cal,calanoid_copepod,125,
145,3/7/2022,CB,big sister,none,NA,cyc,cyclopoid_copepod,10,
145,3/7/2022,CB,big sister,none,NA,ostr,ostracod,57,
146,3/7/2022,CB,deer,100,2,bos,bosmina_longirostris,3,
146,3/7/2022,CB,deer,100,2,cal,calanoid_copepod,98,date sampled might be different. Hard to read. Maybe 3/7
146,3/7/2022,CB,deer,100,2,cyc,cyclopoid_copepod,118,
146,3/7/2022,CB,deer,100,2,nauplii,nauplii,25,
146,3/7/2022,CB,deer,100,2,ostr,ostracod,12,
146,3/7/2022,CB,deer,100,2,ambig,daphnia_ambigua,88,changed from parv to ambig; added one from other row
147,9/8/2022,CB,deer,100,2,cal,calanoid_copepod,102,
147,9/8/2022,CB,deer,100,2,cyc,cyclopoid_copepod,39,
147,9/8/2022,CB,deer,100,2,diaph,diaphanosoma_sp,188,
147,9/8/2022,CB,deer,100,2,nauplii,nauplii,19,
147,9/8/2022,CB,deer,100,2,ostr,ostracod,4,
147,9/8/2022,CB,deer,100,2,ambig,daphnia_ambigua,18,changed from parv to ambig
148,6/3/2022,CB,deer,100,2,chaob,chaoborus_sp,8,
148,6/3/2022,CB,deer,100,2,chiron,chironomid,1,
148,6/3/2022,CB,deer,100,2,diaph,diaphanosoma_sp,8,
148,6/3/2022,CB,deer,100,2,laevis,daphnia_laevis,293,
148,6/3/2022,CB,deer,100,2,ostr,ostracod,10,
148,6/3/2022,CB,deer,100,2,ambig,daphnia_ambigua,16,changed from parv to ambig
149,5/5/2021,KS,nn3,none,NA,alona,allonellids,5,
149,5/5/2021,KS,nn3,none,NA,cal,calanoid_copepod,265,
149,5/5/2021,KS,nn3,none,NA,chaob,chaoborus_sp,42,
149,5/5/2021,KS,nn3,none,NA,chiron,chironomid,15,
149,5/5/2021,KS,nn3,none,NA,cyc,cyclopoid_copepod,42,
149,5/5/2021,KS,nn3,none,NA,diaph,diaphanosoma_sp,1,
149,5/5/2021,KS,nn3,none,NA,laevis,daphnia_laevis,30,
149,5/5/2021,KS,nn3,none,NA,ostr,ostracod,20,
150,2/18/2022,KS,nn3,none,NA,alona,allonellids,9,
150,2/18/2022,KS,nn3,none,NA,ambig,daphnia_ambigua,6,
150,2/18/2022,KS,nn3,none,NA,bos,bosmina_longirostris,1,
150,2/18/2022,KS,nn3,none,NA,cal,calanoid_copepod,208,
150,2/18/2022,KS,nn3,none,NA,chaob,chaoborus_sp,2,
150,2/18/2022,KS,nn3,none,NA,cyc,cyclopoid_copepod,131,
150,2/18/2022,KS,nn3,none,NA,diaph,diaphanosoma_sp,1,
150,2/18/2022,KS,nn3,none,NA,laevis,daphnia_laevis,10,
150,2/18/2022,KS,nn3,none,NA,ostr,ostracod,24,
151,6/23/2021,KS,nn3,100,2,bos,bosmina_longirostris,4,
151,6/23/2021,KS,nn3,100,2,cal,calanoid_copepod,243,
151,6/23/2021,KS,nn3,100,2,chaob,chaoborus_sp,17,
151,6/23/2021,KS,nn3,100,2,chiron,chironomid,1,
151,6/23/2021,KS,nn3,100,2,cyc,cyclopoid_copepod,2,
151,6/23/2021,KS,nn3,100,2,diaph,diaphanosoma_sp,1,
151,6/23/2021,KS,nn3,100,2,laevis,daphnia_laevis,29,
151,6/23/2021,KS,nn3,100,2,ostr,ostracod,23,
152,11/22/2021,KS,nn3,100,6,alona,allonellids,1,
152,11/22/2021,KS,nn3,100,6,ambig,daphnia_ambigua,1,
152,11/22/2021,KS,nn3,100,6,bos,bosmina_longirostris,1,
152,11/22/2021,KS,nn3,100,6,cal,calanoid_copepod,189,
152,11/22/2021,KS,nn3,100,6,chaob,chaoborus_sp,7,
152,11/22/2021,KS,nn3,100,6,cyc,cyclopoid_copepod,102,
152,11/22/2021,KS,nn3,100,6,diaph,diaphanosoma_sp,2,
152,11/22/2021,KS,nn3,100,6,laevis,daphnia_laevis,5,
152,11/22/2021,KS,nn3,100,6,ostr,ostracod,1,
152,11/22/2021,KS,nn3,100,6,simo,simocephalus_sp,6,
153,10/12/2021,KS,nn3,100,5,alona,allonellids,2,
153,10/12/2021,KS,nn3,100,5,ambig,daphnia_ambigua,3,
153,10/12/2021,KS,nn3,100,5,cal,calanoid_copepod,259,
153,10/12/2021,KS,nn3,100,5,chaob,chaoborus_sp,5,
153,10/12/2021,KS,nn3,100,5,cyc,cyclopoid_copepod,26,
153,10/12/2021,KS,nn3,100,5,diaph,diaphanosoma_sp,5,
153,10/12/2021,KS,nn3,100,5,laevis,daphnia_laevis,7,
153,10/12/2021,KS,nn3,100,5,ostr,ostracod,9,
153,10/12/2021,KS,nn3,100,5,simo,simocephalus_sp,12,
154,6/2/2021,KS,nn3,none,NA,cal,calanoid_copepod,310,
154,6/2/2021,KS,nn3,none,NA,chaob,chaoborus_sp,67,
154,6/2/2021,KS,nn3,none,NA,cyc,cyclopoid_copepod,38,
154,6/2/2021,KS,nn3,none,NA,diaph,diaphanosoma_sp,2,
154,6/2/2021,KS,nn3,none,NA,fairy shrimp,fairy shrimp,1,
154,6/2/2021,KS,nn3,none,NA,laevis,daphnia_laevis,19,
154,6/2/2021,KS,nn3,none,NA,ostr,ostracod,18,
154,6/2/2021,KS,nn3,none,NA,simo,simocephalus_sp,10,
155,8/5/2022,KS,nn3,none,NA,cal,calanoid_copepod,293,
155,8/5/2022,KS,nn3,none,NA,chaob,chaoborus_sp,9,
155,8/5/2022,KS,nn3,none,NA,cyc,cyclopoid_copepod,29,
155,8/5/2022,KS,nn3,none,NA,diaph,diaphanosoma_sp,2,
155,8/5/2022,KS,nn3,none,NA,laevis,daphnia_laevis,5,
155,8/5/2022,KS,nn3,none,NA,ostr,ostracod,73,
155,8/5/2022,KS,nn3,none,NA,simo,simocephalus_sp,14,
156,1/27/2022,KS,nn3,none,NA,alona,allonellids,6,
156,1/27/2022,KS,nn3,none,NA,ambig,daphnia_ambigua,87,
156,1/27/2022,KS,nn3,none,NA,bos,bosmina_longirostris,3,
156,1/27/2022,KS,nn3,none,NA,cal,calanoid_copepod,179,
156,1/27/2022,KS,nn3,none,NA,cyc,cyclopoid_copepod,27,
156,1/27/2022,KS,nn3,none,NA,laevis,daphnia_laevis,1,
157,3/28/2022,KS,big sister,200,2,ambig,daphnia_ambigua,195,
157,3/28/2022,KS,big sister,200,2,bos,bosmina_longirostris,19,
157,3/28/2022,KS,big sister,200,2,cal,calanoid_copepod,171,
157,3/28/2022,KS,big sister,200,2,cerio,ceriodaphnia_sp,2,
157,3/28/2022,KS,big sister,200,2,chaob,chaoborus_sp,3,
157,3/28/2022,KS,big sister,200,2,cyc,cyclopoid_copepod,51,
157,3/28/2022,KS,big sister,200,2,diaph,diaphanosoma_sp,6,
157,3/28/2022,KS,big sister,200,2,laevis,daphnia_laevis,4,
157,3/28/2022,KS,big sister,200,2,ostr,ostracod,1,
158,8/5/2022,CB,sister1,none,NA,cal,calanoid_copepod,72,
158,8/5/2022,CB,sister1,none,NA,chaob,chaoborus_sp,22,
158,8/5/2022,CB,sister1,none,NA,cyc,cyclopoid_copepod,75,
158,8/5/2022,CB,sister1,none,NA,laevis,daphnia_laevis,20,
159,10/6/2022,CB,sister1,none,NA,cal,calanoid_copepod,81,
159,10/6/2022,CB,sister1,none,NA,chaob,chaoborus_sp,17,
159,10/6/2022,CB,sister1,none,NA,cyc,cyclopoid_copepod,34,
159,10/6/2022,CB,sister1,none,NA,laevis,daphnia_laevis,42,
159,10/6/2022,CB,sister1,none,NA,nauplii,nauplii,10,
160,3/28/2022,CB,sister1,none,NA,cal,calanoid_copepod,106,
160,3/28/2022,CB,sister1,none,NA,cerio,ceriodaphnia_sp,7,
160,3/28/2022,CB,sister1,none,NA,cyc,cyclopoid_copepod,12,
160,3/28/2022,CB,sister1,none,NA,laevis,daphnia_laevis,89,
160,3/28/2022,CB,sister1,none,NA,nauplii,nauplii,1,
161,11/2/2021,CB,nn3,none,NA,cal,calanoid_copepod,66,
161,11/2/2021,CB,nn3,none,NA,chaob,chaoborus_sp,1,
161,11/2/2021,CB,nn3,none,NA,cyc,cyclopoid_copepod,31,
161,11/2/2021,CB,nn3,none,NA,diaph,diaphanosoma_sp,1,
161,11/2/2021,CB,nn3,none,NA,laevis,daphnia_laevis,10,
161,11/2/2021,CB,nn3,none,NA,ostr,ostracod,19,
161,11/2/2021,CB,nn3,none,NA,ambig,daphnia_ambigua,1,changed from parv to ambig
162,4/21/2021,CB,nn3,none,NA,cal,calanoid_copepod,45,
162,4/21/2021,CB,nn3,none,NA,chaob,chaoborus_sp,1,
162,4/21/2021,CB,nn3,none,NA,cyc,cyclopoid_copepod,27,
162,4/21/2021,CB,nn3,none,NA,fairy shrimp,fairy shrimp,4,
162,4/21/2021,CB,nn3,none,NA,laevis,daphnia_laevis,41,
162,4/21/2021,CB,nn3,none,NA,nauplii,nauplii,4,
162,4/21/2021,CB,nn3,none,NA,ambig,daphnia_ambigua,1,changed from parv to ambig
163,5/26/2021,CB,nn3,none,NA,cal,calanoid_copepod,130,changed from 5/6 to 5/26
163,5/26/2021,CB,nn3,none,NA,chaob,chaoborus_sp,7,
163,5/26/2021,CB,nn3,none,NA,cyc,cyclopoid_copepod,24,
163,5/26/2021,CB,nn3,none,NA,laevis,daphnia_laevis,21,
164,5/19/2021,CB,nn3,none,NA,cal,calanoid_copepod,107,
164,5/19/2021,CB,nn3,none,NA,chaob,chaoborus_sp,9,
164,5/19/2021,CB,nn3,none,NA,chiron,chironomid,1,
164,5/19/2021,CB,nn3,none,NA,cyc,cyclopoid_copepod,23,
164,5/19/2021,CB,nn3,none,NA,laevis,daphnia_laevis,27,
164,5/19/2021,CB,nn3,none,NA,ostr,ostracod,5,
165,4/14/2021,CB,nn3,none,NA,cal,calanoid_copepod,95,
165,4/14/2021,CB,nn3,none,NA,chaob,chaoborus_sp,4,
165,4/14/2021,CB,nn3,none,NA,cyc,cyclopoid_copepod,62,
165,4/14/2021,CB,nn3,none,NA,laevis,daphnia_laevis,56,
165,4/14/2021,CB,nn3,none,NA,nauplii,nauplii,31,
165,4/14/2021,CB,nn3,none,NA,ostr,ostracod,4,
166,4/28/2021,CB,nn3,100,3,cal,calanoid_copepod,227,
166,4/28/2021,CB,nn3,100,3,chaob,chaoborus_sp,3,
166,4/28/2021,CB,nn3,100,3,chiron,chironomid,12,
166,4/28/2021,CB,nn3,100,3,cyc,cyclopoid_copepod,145,
166,4/28/2021,CB,nn3,100,3,laevis,daphnia_laevis,43,
166,4/28/2021,CB,nn3,100,3,nauplii,nauplii,5,
166,4/28/2021,CB,nn3,100,3,ambig,daphnia_ambigua,1,changed from parv to ambig
167,8/5/2022,CB,deer,none,NA,ambig,daphnia_ambigua,2,
167,8/5/2022,CB,deer,none,NA,cal,calanoid_copepod,149,
167,8/5/2022,CB,deer,none,NA,chaob,chaoborus_sp,6,
167,8/5/2022,CB,deer,none,NA,laevis,daphnia_laevis,13,
167,8/5/2022,CB,deer,none,NA,ostr,ostracod,74,
168,6/23/2021,CB,deer,200,3,bos,bosmina_longirostris,49,
168,6/23/2021,CB,deer,200,3,cal,calanoid_copepod,149,
168,6/23/2021,CB,deer,200,3,chaob,chaoborus_sp,1,
168,6/23/2021,CB,deer,200,3,diaph,diaphanosoma_sp,233,
168,6/23/2021,CB,deer,200,3,laevis,daphnia_laevis,9,
168,6/23/2021,CB,deer,200,3,ostr,ostracod,7,
169,7/13/2022,CB,deer,100,8,bos,bosmina_longirostris,3,
169,7/13/2022,CB,deer,100,8,cal,calanoid_copepod,79,
169,7/13/2022,CB,deer,100,8,chaob,chaoborus_sp,25,
169,7/13/2022,CB,deer,100,8,cyc,cyclopoid_copepod,150,
169,7/13/2022,CB,deer,100,8,nauplii,nauplii,2,
169,7/13/2022,CB,deer,100,8,ostr,ostracod,101,
170,7/13/2021,CB,deer,200,8,ambig,daphnia_ambigua,2,
170,7/13/2021,CB,deer,200,8,cal,calanoid_copepod,190,
170,7/13/2021,CB,deer,200,8,cyc,cyclopoid_copepod,14,
170,7/13/2021,CB,deer,200,8,diaph,diaphanosoma_sp,92,
170,7/13/2021,CB,deer,200,8,laevis,daphnia_laevis,18,
171,3/28/2022,CB,nn3,none,NA,ambig,daphnia_ambigua,4,
171,3/28/2022,CB,nn3,none,NA,cal,calanoid_copepod,190,
171,3/28/2022,CB,nn3,none,NA,chaob,chaoborus_sp,5,
171,3/28/2022,CB,nn3,none,NA,cyc,cyclopoid_copepod,36,
171,3/28/2022,CB,nn3,none,NA,laevis,daphnia_laevis,22,
171,3/28/2022,CB,nn3,none,NA,nauplii,nauplii,11,
171,3/28/2022,CB,nn3,none,NA,ostr,ostracod,4,
172,4/21/2022,CB,nn3,none,NA,cal,calanoid_copepod,252,
172,4/21/2022,CB,nn3,none,NA,chaob,chaoborus_sp,6,
172,4/21/2022,CB,nn3,none,NA,cyc,cyclopoid_copepod,75,
172,4/21/2022,CB,nn3,none,NA,diaph,diaphanosoma_sp,1,
172,4/21/2022,CB,nn3,none,NA,laevis,daphnia_laevis,7,
173,8/26/2021,CB,nn3,200,6,cal,calanoid_copepod,227,
173,8/26/2021,CB,nn3,200,6,chiron,chironomid,10,
173,8/26/2021,CB,nn3,200,6,cyc,cyclopoid_copepod,49,
173,8/26/2021,CB,nn3,200,6,diaph,diaphanosoma_sp,8,
173,8/26/2021,CB,nn3,200,6,laevis,daphnia_laevis,8,
173,8/26/2021,CB,nn3,200,6,simo,simocephalus_sp,14,
174,7/13/2022,CB,nn3,100,6,cal,calanoid_copepod,109,
174,7/13/2022,CB,nn3,100,6,chaob,chaoborus_sp,19,
174,7/13/2022,CB,nn3,100,6,chiron,chironomid,14,
174,7/13/2022,CB,nn3,100,6,cyc,cyclopoid_copepod,6,
174,7/13/2022,CB,nn3,100,6,ostr,ostracod,206,
175,6/22/2022,CB,nn3,none,NA,cal,calanoid_copepod,165,
175,6/22/2022,CB,nn3,none,NA,chaob,chaoborus_sp,4,
175,6/22/2022,CB,nn3,none,NA,chiron,chironomid,5,
175,6/22/2022,CB,nn3,none,NA,cyc,cyclopoid_copepod,7,
175,6/22/2022,CB,nn3,none,NA,laevis,daphnia_laevis,13,
175,6/22/2022,CB,nn3,none,NA,nauplii,nauplii,23,
175,6/22/2022,CB,nn3,none,NA,ostr,ostracod,151,
176,11/22/2021,KS,deer,200,0.3,alona,allonellids,321,
176,11/22/2021,KS,deer,200,0.3,cal,calanoid_copepod,27,
176,11/22/2021,KS,deer,200,0.3,ostr,ostracod,3,
177,11/2/2021,KS,deer,200,0.2,alona,allonellids,518,
177,11/2/2021,KS,deer,200,0.2,cal,calanoid_copepod,15,
177,11/2/2021,KS,deer,200,0.2,ostr,ostracod,3,
178,10/12/2021,KS,deer,200,0.4,alona,allonellids,297,
178,10/12/2021,KS,deer,200,0.4,cal,calanoid_copepod,4,
178,10/12/2021,KS,deer,200,0.4,laevis,daphnia_laevis,5,
178,10/12/2021,KS,deer,200,0.4,ostr,ostracod,5,
178,10/12/2021,KS,deer,200,0.4,scap,scapholeberis_sp,2,
179,9/14/2021,KS,deer,200,1,bos,bosmina_longirostris,6,
179,9/14/2021,KS,deer,200,1,cal,calanoid_copepod,22,
179,9/14/2021,KS,deer,200,1,cerio,ceriodaphnia_sp,2,maybe scap? I ID-ed them wrong originally in Deer and corrected as I went but not positive on this one
179,9/14/2021,KS,deer,200,1,cyc,cyclopoid_copepod,3,
179,9/14/2021,KS,deer,200,1,diaph,diaphanosoma_sp,340,
179,9/14/2021,KS,deer,200,1,laevis,daphnia_laevis,1,
179,9/14/2021,KS,deer,200,1,ostr,ostracod,31,
180,7/13/2021,KS,nn3,100,1,cal,calanoid_copepod,231,
180,7/13/2021,KS,nn3,100,1,chaob,chaoborus_sp,9,
180,7/13/2021,KS,nn3,100,1,chiron,chironomid,5,
180,7/13/2021,KS,nn3,100,1,cyc,cyclopoid_copepod,31,
180,7/13/2021,KS,nn3,100,1,fairy shrimp,fairy shrimp,1,
180,7/13/2021,KS,nn3,100,1,laevis,daphnia_laevis,8,
180,7/13/2021,KS,nn3,100,1,ostr,ostracod,12,
180,7/13/2021,KS,nn3,100,1,simo,simocephalus_sp,8,
181,1/5/2022,KS,nn3,none,NA,alona,allonellids,4,
181,1/5/2022,KS,nn3,none,NA,bos,bosmina_longirostris,6,
181,1/5/2022,KS,nn3,none,NA,cal,calanoid_copepod,123,
181,1/5/2022,KS,nn3,none,NA,chaob,chaoborus_sp,2,
181,1/5/2022,KS,nn3,none,NA,cyc,cyclopoid_copepod,289,
181,1/5/2022,KS,nn3,none,NA,laevis,daphnia_laevis,1,"general notes: tons of nauplii, algae spaghetti"
181,1/5/2022,KS,nn3,none,NA,ostr,ostracod,9,
181,1/5/2022,KS,nn3,none,NA,parv,daphnia_parvula,1,male
181,1/5/2022,KS,nn3,none,NA,segmented worm,segmented_worm,2,?
182,3/7/2022,KS,nn3,none,NA,alona,allonellids,8,
182,3/7/2022,KS,nn3,none,NA,ambig,daphnia_ambigua,1,no dilution info on data sheet. Assuming undiluted but I can double check if data look weird
182,3/7/2022,KS,nn3,none,NA,bos,bosmina_longirostris,4,
182,3/7/2022,KS,nn3,none,NA,cal,calanoid_copepod,372,
182,3/7/2022,KS,nn3,none,NA,chaob,chaoborus_sp,5,
182,3/7/2022,KS,nn3,none,NA,cyc,cyclopoid_copepod,47,
182,3/7/2022,KS,nn3,none,NA,laevis,daphnia_laevis,10,
182,3/7/2022,KS,nn3,none,NA,ostr,ostracod,3,
182,3/7/2022,KS,nn3,none,NA,segmented worm,segmented_worm,1,
183,6/22/2022,KS,deer,200,9,cal,calanoid_copepod,29,
183,6/22/2022,KS,deer,200,9,chaob,chaoborus_sp,26,
183,6/22/2022,KS,deer,200,9,cyc,cyclopoid_copepod,7,
183,6/22/2022,KS,deer,200,9,laevis,daphnia_laevis,269,
183,6/22/2022,KS,deer,200,9,ostr,ostracod,5,
183,6/22/2022,KS,deer,200,9,water mite,water_mite,1,
184,5/26/2021,KS,deer,200,1,bos,bosmina_longirostris,184,
184,5/26/2021,KS,deer,200,1,cal,calanoid_copepod,269,
184,5/26/2021,KS,deer,200,1,chaob,chaoborus_sp,1,
184,5/26/2021,KS,deer,200,1,cyc,cyclopoid_copepod,1,
184,5/26/2021,KS,deer,200,1,diaph,diaphanosoma_sp,128,
184,5/26/2021,KS,deer,200,1,laevis,daphnia_laevis,58,
184,5/26/2021,KS,deer,200,1,ostr,ostracod,16,
184,5/26/2021,KS,deer,200,1,scap,scapholeberis_sp,40,
185,2/18/2022,CB,deer,100,2,cal,calanoid_copepod,50,
185,2/18/2022,CB,deer,100,2,laevis,daphnia_laevis,1,
185,2/18/2022,CB,deer,100,2,ostr,ostracod,22,
185,2/18/2022,CB,deer,100,2,ambig,daphnia_ambigua,275,KS double check 11/23/22 vast majority of Daphnia looked like ambigua to me; ATS changed from parv to ambig
186,3/28/2022,CB,deer,200,3,bos,bosmina_longirostris,13,
186,3/28/2022,CB,deer,200,3,cal,calanoid_copepod,161,
186,3/28/2022,CB,deer,200,3,laevis,daphnia_laevis,9,
186,3/28/2022,CB,deer,200,3,ostr,ostracod,24,
186,3/28/2022,CB,deer,200,3,ambig,daphnia_ambigua,170,KS double check 11/23/22 vast majority of Daphnia looked like ambigua to me; ATS changed from parv to ambig
187,8/4/2021,CB,deer,none,NA,bos,bosmina_longirostris,4,
187,8/4/2021,CB,deer,none,NA,cal,calanoid_copepod,87,
187,8/4/2021,CB,deer,none,NA,laevis,daphnia_laevis,12,
187,8/4/2021,CB,deer,none,NA,ostr,ostracod,3,
187,8/4/2021,CB,deer,none,NA,ambig,daphnia_ambigua,7,changed from parv to ambig
188,5/11/2022,CB,deer,200,3,cal,calanoid_copepod,134,
188,5/11/2022,CB,deer,200,3,chaob,chaoborus_sp,1,
188,5/11/2022,CB,deer,200,3,laevis,daphnia_laevis,236,
188,5/11/2022,CB,deer,200,3,ambig,daphnia_ambigua,4,changed from parv to ambig
189,4/14/2021,CB,deer,200,1,bos,bosmina_longirostris,4,
189,4/14/2021,CB,deer,200,1,laevis,daphnia_laevis,355,
190,4/21/2021,CB,deer,200,2,bos,bosmina_longirostris,31,"handwriting looks like this could be 51, but pretty sure it's 31"
190,4/21/2021,CB,deer,200,2,cal,calanoid_copepod,42,
190,4/21/2021,CB,deer,200,2,cyc,cyclopoid_copepod,6,
190,4/21/2021,CB,deer,200,2,laevis,daphnia_laevis,183,
190,4/21/2021,CB,deer,200,2,ostr,ostracod,5,
190,4/21/2021,CB,deer,200,2,ambig,daphnia_ambigua,53,changed from parv to ambig
191,4/28/2021,CB,deer,100,2,bos,bosmina_longirostris,115,
191,4/28/2021,CB,deer,100,2,cal,calanoid_copepod,157,
191,4/28/2021,CB,deer,100,2,laevis,daphnia_laevis,186,
191,4/28/2021,CB,deer,100,2,ambig,daphnia_ambigua,6,changed from parv to ambig
192,8/26/2021,CB,deer,none,NA,cal,calanoid_copepod,39,
192,8/26/2021,CB,deer,none,NA,diaph,diaphanosoma_sp,3,
192,8/26/2021,CB,deer,none,NA,laevis,daphnia_laevis,12,
192,8/26/2021,CB,deer,none,NA,ostr,ostracod,61,
192,8/26/2021,CB,deer,none,NA,ambig,daphnia_ambigua,32,changed from parv to ambig
193,5/5/2021,CB,deer,200,1,ambig,daphnia_ambigua,4,
193,5/5/2021,CB,deer,200,1,bos,bosmina_longirostris,144,
193,5/5/2021,CB,deer,200,1,cal,calanoid_copepod,123,
193,5/5/2021,CB,deer,200,1,chiron,chironomid,1,
193,5/5/2021,CB,deer,200,1,laevis,daphnia_laevis,110,
193,5/5/2021,CB,deer,200,1,ostr,ostracod,5,
194,5/11/2022,KS,big sister,200,2,ambig,daphnia_ambigua,96,
194,5/11/2022,KS,big sister,200,2,bos,bosmina_longirostris,34,
194,5/11/2022,KS,big sister,200,2,cal,calanoid_copepod,58,
194,5/11/2022,KS,big sister,200,2,cerio,ceriodaphnia_sp,98,
194,5/11/2022,KS,big sister,200,2,cyc,cyclopoid_copepod,156,
194,5/11/2022,KS,big sister,200,2,diaph,diaphanosoma_sp,73,
194,5/11/2022,KS,big sister,200,2,laevis,daphnia_laevis,5,
194,5/11/2022,KS,big sister,200,2,ostr,ostracod,2,
195,4/21/2022,KS,big sister,200,1,ambig,daphnia_ambigua,126,
195,4/21/2022,KS,big sister,200,1,bos,bosmina_longirostris,80,
195,4/21/2022,KS,big sister,200,1,cal,calanoid_copepod,12,
195,4/21/2022,KS,big sister,200,1,cerio,ceriodaphnia_sp,9,
195,4/21/2022,KS,big sister,200,1,cyc,cyclopoid_copepod,67,
195,4/21/2022,KS,big sister,200,1,diaph,diaphanosoma_sp,12,
195,4/21/2022,KS,big sister,200,1,laevis,daphnia_laevis,1,
195,4/21/2022,KS,big sister,200,1,ostr,ostracod,2,
196,5/12/2021,KS,deer,200,1,bos,bosmina_longirostris,93,
196,5/12/2021,KS,deer,200,1,cal,calanoid_copepod,29,
196,5/12/2021,KS,deer,200,1,cyc,cyclopoid_copepod,1,
196,5/12/2021,KS,deer,200,1,diaph,diaphanosoma_sp,155,
196,5/12/2021,KS,deer,200,1,laevis,daphnia_laevis,117,
196,5/12/2021,KS,deer,200,1,ostr,ostracod,1,
196,5/12/2021,KS,deer,200,1,scap,scapholeberis_sp,1,
197,5/19/2021,KS,deer,200,2,ambig,daphnia_ambigua,4,questionable ambig. Could be weird laevis
197,5/19/2021,KS,deer,200,2,bos,bosmina_longirostris,28,
197,5/19/2021,KS,deer,200,2,cal,calanoid_copepod,89,
197,5/19/2021,KS,deer,200,2,diaph,diaphanosoma_sp,296,
197,5/19/2021,KS,deer,200,2,laevis,daphnia_laevis,60,
197,5/19/2021,KS,deer,200,2,ostr,ostracod,3,
197,5/19/2021,KS,deer,200,2,scap,scapholeberis_sp,1,
198,6/2/2021,KS,deer,200,0.4,ambig,daphnia_ambigua,4,
198,6/2/2021,KS,deer,200,0.4,bos,bosmina_longirostris,134,
198,6/2/2021,KS,deer,200,0.4,cal,calanoid_copepod,86,
198,6/2/2021,KS,deer,200,0.4,chaob,chaoborus_sp,1,
198,6/2/2021,KS,deer,200,0.4,cyc,cyclopoid_copepod,1,
198,6/2/2021,KS,deer,200,0.4,diaph,diaphanosoma_sp,117,"counter may have gotten stuck. Diaph could be 217, but I think it's 117"
198,6/2/2021,KS,deer,200,0.4,laevis,daphnia_laevis,13,general: sample was gross
198,6/2/2021,KS,deer,200,0.4,ostr,ostracod,3,
199,1/5/2022,KS,deer,200,1,alona,allonellids,78,
199,1/5/2022,KS,deer,200,1,ambig,daphnia_ambigua,284,
199,1/5/2022,KS,deer,200,1,bos,bosmina_longirostris,82,
199,1/5/2022,KS,deer,200,1,cal,calanoid_copepod,69,
199,1/5/2022,KS,deer,200,1,cyc,cyclopoid_copepod,1,
199,1/5/2022,KS,deer,200,1,diaph,diaphanosoma_sp,3,
199,1/5/2022,KS,deer,200,1,ostr,ostracod,2,
200,1/27/2022,KS,deer,200,1,alona,allonellids,7,
200,1/27/2022,KS,deer,200,1,ambig,daphnia_ambigua,431,
200,1/27/2022,KS,deer,200,1,bos,bosmina_longirostris,80,
200,1/27/2022,KS,deer,200,1,cal,calanoid_copepod,56,
200,1/27/2022,KS,deer,200,1,chaob,chaoborus_sp,1,
200,1/27/2022,KS,deer,200,1,diaph,diaphanosoma_sp,2,
200,1/27/2022,KS,deer,200,1,laevis,daphnia_laevis,5,
200,1/27/2022,KS,deer,200,1,ostr,ostracod,1,
201,4/21/2022,KS,deer,200,1,alona,allonellids,27,
201,4/21/2022,KS,deer,200,1,ambig,daphnia_ambigua,8,
201,4/21/2022,KS,deer,200,1,bos,bosmina_longirostris,88,
201,4/21/2022,KS,deer,200,1,cal,calanoid_copepod,127,
201,4/21/2022,KS,deer,200,1,cyc,cyclopoid_copepod,8,
201,4/21/2022,KS,deer,200,1,diaph,diaphanosoma_sp,1,
201,4/21/2022,KS,deer,200,1,laevis,daphnia_laevis,167,
201,4/21/2022,KS,deer,200,1,ostr,ostracod,3,
201,4/21/2022,KS,deer,200,1,scap,scapholeberis_sp,8,
202,12/14/2021,KS,deer,200,1,alona,allonellids,421,
202,12/14/2021,KS,deer,200,1,ambig,daphnia_ambigua,2,
202,12/14/2021,KS,deer,200,1,bos,bosmina_longirostris,18,
202,12/14/2021,KS,deer,200,1,cal,calanoid_copepod,97,
202,12/14/2021,KS,deer,200,1,ostr,ostracod,2,
202,12/14/2021,KS,deer,200,1,parv,daphnia_parvula,6,
203,8/4/2021,KS,VIP,none,NA,ambig,daphnia_ambigua,2,
203,8/4/2021,KS,VIP,none,NA,cal,calanoid_copepod,686,
203,8/4/2021,KS,VIP,none,NA,cyc,cyclopoid_copepod,15,
203,8/4/2021,KS,VIP,none,NA,ostr,ostracod,1,
203,8/4/2021,KS,VIP,none,NA,alona,allonellids,4,
203,8/4/2021,KS,VIP,none,NA,diaph,diaphanosoma_sp,12,
203,8/4/2021,KS,VIP,none,NA,cerio,ceriodaphnia_sp,2,
203,8/4/2021,KS,VIP,none,NA,bos,bosmina_longirostris,1,
204,11/2/2021,KS,VIP,100,2,diaph,diaphanosoma_sp,290,
204,11/2/2021,KS,VIP,100,2,cal,calanoid_copepod,131,
204,11/2/2021,KS,VIP,100,2,cyc,cyclopoid_copepod,26,
204,11/2/2021,KS,VIP,100,2,cerio,ceriodaphnia_sp,32,
204,11/2/2021,KS,VIP,100,2,bos,bosmina_longirostris,8,
204,11/2/2021,KS,VIP,100,2,alona,allonellids,1,
205,11/22/2021,KS,VIP,100,4,diaph,diaphanosoma_sp,174,
205,11/22/2021,KS,VIP,100,4,cal,calanoid_copepod,139,
205,11/22/2021,KS,VIP,100,4,cyc,cyclopoid_copepod,409,
205,11/22/2021,KS,VIP,100,4,cerio,ceriodaphnia_sp,33,
205,11/22/2021,KS,VIP,100,4,bos,bosmina_longirostris,95,
205,11/22/2021,KS,VIP,100,4,ostr,ostracod,2,
205,11/22/2021,KS,VIP,100,4,laevis,daphnia_laevis,3,
206,2/18/2022,KS,VIP,100,1,ambig,daphnia_ambigua,20,
206,2/18/2022,KS,VIP,100,1,cal,calanoid_copepod,178,
206,2/18/2022,KS,VIP,100,1,cyc,cyclopoid_copepod,40,
206,2/18/2022,KS,VIP,100,1,cerio,ceriodaphnia_sp,24,
206,2/18/2022,KS,VIP,100,1,bos,bosmina_longirostris,235,
206,2/18/2022,KS,VIP,100,1,alona,allonellids,83,
206,2/18/2022,KS,VIP,100,1,diaph,diaphanosoma_sp,28,
206,2/18/2022,KS,VIP,100,1,ostr,ostracod,1,
207,10/12/2021,KS,VIP,100,2,diaph,diaphanosoma_sp,308,
207,10/12/2021,KS,VIP,100,2,cal,calanoid_copepod,142,
207,10/12/2021,KS,VIP,100,2,cyc,cyclopoid_copepod,34,
207,10/12/2021,KS,VIP,100,2,cerio,ceriodaphnia_sp,209,
207,10/12/2021,KS,VIP,100,2,bos,bosmina_longirostris,7,
207,10/12/2021,KS,VIP,100,2,alona,allonellids,1,
207,10/12/2021,KS,VIP,100,2,ostr,ostracod,2,
207,10/12/2021,KS,VIP,100,2,ambig,daphnia_ambigua,1,
